"time (m)",V,Ah
0,40.22,0
0.009,40.1,0.0001868012422360248
0.019,40.09,0.00039430641821946164
0.029,40.08,0.0006017598343685299
0.048,40.07,0.0009958229813664594
0.058,40.06,0.0012031728778467907
0.077,40.05,0.0015970393374741198
0.107,40.04,0.0022187784679089024
0.126,40.03,0.002612448240165631
0.145,40.02,0.0030060196687370596
0.184,40.01,0.003813674948240165
0.203,40,0.004207049689440994
0.233,39.99,0.004828012422360249
0.263,39.98,0.005448819875776398
0.294,39.97,0.006090160455486542
0.323,39.96,0.0066899741200828165
0.373,39.95,0.0077238768115942035
0.403,39.94,0.00834406314699793
0.452,39.93,0.009356780538302278
0.471,39.92,0.009749368530020704
0.51,39.91,0.010555005175983437
0.567,39.9,0.011732179089026915
0.596,39.89,0.012330942028985508
0.636,39.88,0.013156614906832299
0.674,39.87,0.013940807453416151
0.741,39.86,0.015323115942028986
0.807,39.85,0.016684451345755694
0.827,39.84,0.01709687370600414
0.918,39.83,0.018972924430641823
0.96,39.82,0.019838576604554865
1.009,39.81,0.02084825051759834
1.08,39.8,0.022310879917184265
1.161,39.79,0.023979094202898548
1.21,39.78,0.024988007246376807
1.291,39.77,0.026655383022774322
1.381,39.76,0.0285075569358178
1.45,39.75,0.029927199792960657
1.53,39.74,0.031572748447204965
1.6,39.73,0.03301224120082816
1.707,39.72,0.03521205486542443
1.802,39.71,0.03716466873706004
1.933,39.7,0.039856542443064184
1.98,39.69,0.04082208592132505
2.141,39.68,0.04412875258799172
2.24,39.67,0.046161532091097315
2.386,39.66,0.04915861283643893
2.556,39.65,0.05264748447204969
2.664,39.64,0.0548633850931677
2.9,39.63,0.05970431677018633
3.058,39.62,0.06294446169772257
3.234,39.61,0.06655282608695652
3.519,39.6,0.07239444099378882
3.732,39.59,0.07675917701863354
4.024,39.58,0.08274124741200828
4.249,39.57,0.08734955486542442
4.558,39.57,0.09367829710144927
4.695,39.56,0.09648353519668738
5.001,39.56,0.10274924948240167
5.011,39.55,0.1029539596273292
5.318,39.55,0.10923856107660455
5.624,39.55,0.11550269151138716
5.652,39.54,0.11607573498964804
5.936,39.53,0.12188656314699793
6.155,39.53,0.12636744824016563
6.46,39.53,0.132607950310559
6.766,39.53,0.13886891304347826
6.846,39.52,0.1405053519668737
7.153,39.52,0.14678518633540372
7.241,39.53,0.14858572463768116
7.539,39.52,0.15468145962732918
7.638,39.51,0.1567060403726708
7.82,39.51,0.16042799689440995
8.131,39.51,0.16678804347826087
8.438,39.51,0.1730662888198758
8.695,39.5,0.17832068840579712
8.821,39.5,0.18089677536231885
9.086,39.5,0.18631473602484475
9.389,39.5,0.19250961180124224
9.693,39.5,0.19872493271221534
9.822,39.49,0.20136168737060042
10.128,39.49,0.207616314699793
10.436,39.5,0.21391341614906836
10.626,39.5,0.21779799171842654
10.783,39.5,0.22100787784679093
11.085,39.49,0.22718074534161498
11.39,39.49,0.2334149327122154
11.439,39.48,0.23441623706004147
11.743,39.48,0.24062841097308496
11.858,39.48,0.24297841097308495
12.159,39.49,0.24913083850931683
12.463,39.48,0.2553430124223603
12.582,39.49,0.2577753674948241
12.885,39.48,0.26396710662525885
13.186,39.48,0.27011797619047623
13.49,39.48,0.2763301501035197
13.794,39.48,0.28254232401656315
14.097,39.48,0.2887340631469979
14.176,39.47,0.29034800207039335
14.442,39.47,0.2957822774327122
14.725,39.47,0.3015638561076604
14.836,39.48,0.3038321169772256
15.011,39.48,0.30740820393374735
15.318,39.47,0.3136800931677018
15.346,39.48,0.3142522670807453
15.65,39.47,0.32046286749482394
15.687,39.48,0.3212189544513457
15.844,39.46,0.32442559006211175
16.15,39.47,0.3306770496894409
16.229,39.46,0.33229057971014486
16.524,39.47,0.3383173136645962
16.585,39.46,0.33956320393374734
16.887,39.47,0.3457329451345755
17.181,39.46,0.3517377277432711
17.392,39.47,0.3560483747412007
17.695,39.46,0.3622369772256728
17.87,39.47,0.36581215838509307
18.173,39.47,0.37200232919254644
18.478,39.46,0.3782317805383022
18.782,39.46,0.384440807453416
18.899,39.47,0.3868310714285713
19.203,39.46,0.39304009834368514
19.461,39.47,0.3983109368530019
19.763,39.46,0.4044791149068322
20.062,39.46,0.4105860196687369
20.366,39.46,0.41679504658385075
20.666,39.46,0.42292237577639735
20.973,39.46,0.4291926759834367
21.276,39.46,0.43538127846790875
21.383,39.45,0.43756613871635597
21.685,39.46,0.4437343167701862
21.861,39.45,0.44732810559006203
22.161,39.46,0.45345543478260864
22.181,39.45,0.45386381987577634
22.436,39.45,0.45907072981366454
22.739,39.45,0.4652577639751552
23.043,39.46,0.47146679089026905
23.259,39.46,0.4758784679089026
23.526,39.46,0.48133179089026906
23.622,39.45,0.48329203933747406
23.822,39.46,0.48737692546583844
24.019,39.45,0.4913995186335403
24.323,39.45,0.4976069720496894
24.462,39.46,0.5004459679089026
24.768,39.45,0.5066942598343684
24.945,39.46,0.5103093840579709
25.183,39.46,0.5151703985507246
25.488,39.45,0.521398271221532
25.655,39.44,0.5248074223602485
25.961,39.45,0.5310557142857143
25.971,39.44,0.5312598550724638
26.276,39.45,0.5374877277432712
26.486,39.44,0.5417746842650104
26.584,39.45,0.5437757712215321
26.692,39.45,0.5459810507246377
26.995,39.44,0.552166516563147
27.114,39.45,0.5545964078674948
27.42,39.45,0.5608446997929606
27.727,39.44,0.5671118219461697
27.894,39.45,0.57052183747412
28.2,39.44,0.5767685455486542
28.505,39.44,0.5829948395445134
28.809,39.44,0.5892007194616977
29.114,39.44,0.5954270134575569
29.418,39.44,0.6016328933747411
29.718,39.44,0.6077571169772256
30.024,39.44,0.6140038250517598
30.331,39.44,0.6202709472049689
30.635,39.44,0.6264768271221532
30.943,39.44,0.6327643633540373
31.247,39.44,0.6389702432712215
31.552,39.44,0.6451965372670807
31.854,39.44,0.6513615890269151
32.16,39.44,0.6576082971014492
32.2,39.43,0.6584246532091098
32.51,39.44,0.6647530175983437
32.617,39.43,0.6669367701863355
32.921,39.44,0.6731426501035198
33.226,39.44,0.679368944099379
33.532,39.44,0.6856156521739131
33.6,39.43,0.6870034575569359
33.902,39.44,0.6931685093167703
33.942,39.43,0.6939848654244307
34.252,39.44,0.7003132298136647
34.554,39.44,0.7064782815734991
34.565,39.43,0.7067027795031057
34.849,39.43,0.7124989078674949
35.087,39.43,0.7173562267080748
35.235,39.43,0.7203767443064184
35.539,39.44,0.7265826242236028
35.594,39.43,0.7277051138716358
35.901,39.43,0.7339706469979299
35.931,39.44,0.7345830693581782
36.081,39.43,0.737644404761905
36.31,39.43,0.742318043478261
36.613,39.43,0.748501940993789
36.919,39.44,0.7547486490683231
37.009,39.43,0.7565854503105591
37.236,39.43,0.7612182712215322
37.539,39.43,0.7674021687370602
37.658,39.44,0.7698314440993791
37.96,39.43,0.7759949327122155
38.197,39.44,0.7808330693581783
38.314,39.44,0.7832215165631472
38.619,39.43,0.7894462318840582
38.857,39.44,0.7943047826086959
39.161,39.43,0.8005090890269153
39.465,39.43,0.8067133954451348
39.574,39.44,0.808938530020704
39.874,39.43,0.8150612008281576
39.972,39.42,0.8170607660455489
40.157,39.44,0.8208373706004142
40.337,39.44,0.824511904761905
40.645,39.43,0.8307978467908904
40.955,39.43,0.8371246066252589
41.264,39.43,0.843430957556936
41.57,39.43,0.8496760817805384
41.7,39.44,0.8523299120082818
41.947,39.44,0.857372189440994
42.181,39.44,0.8621490838509318
42.485,39.43,0.8683533902691513
42.495,39.44,0.8685575310559007
42.681,39.44,0.872354549689441
42.988,39.43,0.8786200828157351
43.295,39.43,0.8848856159420292
43.305,39.44,0.8850897567287787
43.606,39.43,0.8912328364389236
43.913,39.43,0.8974983695652174
44.217,39.43,0.9037026759834369
44.52,39.43,0.909886573498965
44.729,39.42,0.9141509523809525
45.034,39.43,0.9203756677018634
45.342,39.43,0.9266616097308489
45.65,39.43,0.9329475517598343
45.954,39.43,0.9391518581780538
46.256,39.43,0.9453153467908902
46.565,39.43,0.9516216977225672
46.873,39.43,0.9579076397515527
47.177,39.43,0.9641119461697721
47.264,39.42,0.9658870703933747
47.567,39.43,0.9720709679089027
47.869,39.44,0.9782360196687371
48.175,39.43,0.9844811438923395
48.296,39.44,0.9869512474120083
48.601,39.43,0.9931759627329193
48.728,39.44,0.9957685507246378
48.913,39.44,0.999545155279503
49.22,39.43,1.0058106884057971
49.298,39.44,1.0074029865424432
49.605,39.43,1.0136685196687372
49.907,39.43,1.0198320082815735
50.102,39.44,1.0238127536231885
50.339,39.44,1.0286508902691511
50.489,39.44,1.0317130020703933
50.764,39.44,1.0373268737060042
50.998,39.42,1.0421013457556936
51.304,39.43,1.0483464699792961
51.323,39.44,1.04873433747412
51.629,39.43,1.0549794616977224
51.933,39.43,1.061183768115942
52.235,39.43,1.0673472567287783
52.464,39.44,1.0720220807453413
52.77,39.43,1.078267204968944
53.076,39.43,1.0845123291925463
53.155,39.44,1.0861250414078671
53.319,39.44,1.0894729503105587
53.625,39.43,1.095718074534161
53.684,39.44,1.096922505175983
53.989,39.43,1.103147220496894
54.097,39.42,1.105350822981366
54.401,39.43,1.1115551293995856
54.517,39.44,1.1139231625258796
54.812,39.44,1.1199453157349892
55.116,39.43,1.1261496221532088
55.422,39.43,1.1323947463768111
55.688,39.44,1.1378248913043474
55.996,39.43,1.144110833333333
56.306,39.43,1.1504375931677013
56.384,39.44,1.1520298913043474
56.69,39.43,1.1582750155279498
56.991,39.43,1.1644180952380947
57.295,39.43,1.1706224016563143
57.306,39.44,1.1708469565217385
57.613,39.43,1.1771124896480325
57.822,39.44,1.1813790320910968
57.924,39.43,1.183460740165631
58.227,39.43,1.189644637681159
58.305,39.44,1.191236935817805
58.515,39.44,1.1955238923395441
58.691,39.44,1.199116770186335
58.883,39.44,1.203036273291925
59.187,39.43,1.2092405797101444
59.216,39.44,1.209832587991718
59.363,39.44,1.2128334575569353
59.67,39.43,1.2190989906832292
59.876,39.44,1.2233042908902685
60.183,39.43,1.2295698240165625
60.484,39.43,1.2357129037267074
60.502,39.42,1.2360801708074527
60.805,39.43,1.2422640683229806
61.107,39.43,1.248427556935817
61.137,39.42,1.2490396687370593
61.437,39.43,1.2551623395445126
61.739,39.43,1.261325828157349
62.047,39.43,1.2676117701863345
62.35,39.43,1.2737956677018625
62.565,39.44,1.2781846946169764
62.848,39.44,1.2839618788819867
63.154,39.43,1.2902070031055892
63.457,39.43,1.2963909006211172
63.762,39.43,1.3026156159420281
63.89,39.44,1.3052286180124215
64.193,39.43,1.3114125155279495
64.501,39.43,1.317698457556935
64.608,39.42,1.3198816563146991
64.916,39.43,1.3261675983436845
65.192,39.44,1.3318018840579702
65.496,39.43,1.3380061904761897
65.799,39.43,1.344190087991718
66.106,39.43,1.3504556211180117
66.412,39.43,1.3567007453416144
66.716,39.43,1.3629050517598336
67.019,39.43,1.3690889492753617
67.316,39.42,1.37514885610766
67.433,39.42,1.3775360921325048
67.741,39.43,1.3838220341614902
68.049,39.43,1.3901079761904758
68.178,39.42,1.3927400569358173
68.484,39.43,1.3989851811594196
68.791,39.43,1.4052507142857136
68.892,39.44,1.4073125362318832
68.998,39.44,1.4094764285714279
69.306,39.43,1.4157623706004132
69.561,39.44,1.4209679606625252
69.866,39.43,1.427192675983436
70.094,39.44,1.431847085921324
70.241,39.44,1.4348479554865414
70.55,39.43,1.4411543064182184
70.638,39.44,1.442950745341614
70.781,39.44,1.4458699585921315
70.93,39.44,1.4489116563146989
71.068,39.44,1.4517287991718415
71.314,39.44,1.4567506625258786
71.618,39.43,1.4629549689440982
71.925,39.44,1.4692220910973073
72.182,39.44,1.474468509316769
72.35,39.44,1.4778980745341603
72.655,39.43,1.4841227898550715
72.801,39.44,1.487103245341614
72.948,39.44,1.4901041149068313
73.255,39.43,1.4963696480331252
73.332,39.44,1.4979415320910963
73.501,39.42,1.5013897619047611
73.802,39.43,1.507532841614906
74.105,39.43,1.513716739130434
74.409,39.43,1.5199210455486536
74.718,39.43,1.5262273964803306
75.023,39.43,1.5324521118012413
75.081,39.42,1.5336355279503098
75.387,39.43,1.5398806521739121
75.515,39.42,1.5424923291925456
75.691,39.44,1.5460852070393365
76.001,39.43,1.552411966873705
76.303,39.43,1.5585754554865414
76.606,39.43,1.5647593530020694
76.911,39.43,1.5709840683229805
77.221,39.43,1.5773108281573491
77.252,39.42,1.5779433436852992
77.555,39.43,1.5841272412008274
77.613,39.44,1.5853112577639743
77.917,39.43,1.5915155641821939
78.122,39.42,1.5956983281573491
78.38,39.42,1.6009624896480323
78.684,39.43,1.607166796066252
78.993,39.43,1.6134731469979289
79.294,39.43,1.6196162267080738
79.6,39.43,1.6258613509316762
79.902,39.43,1.6320248395445127
80.05,39.42,1.6350445910973077
80.274,39.42,1.6396150258799165
80.576,39.43,1.6457785144927528
80.884,39.43,1.6520644565217384
81.048,39.44,1.65541236542443
81.358,39.43,1.6617391252587985
81.662,39.43,1.667943431677018
81.967,39.43,1.6741681469979288
82.271,39.43,1.6803724534161484
82.301,39.44,1.6809848757763968
82.607,39.43,1.6872299999999991
82.91,39.43,1.693413897515527
83.183,39.44,1.698986940993788
83.308,39.44,1.7015387008281566
83.613,39.43,1.7077634161490673
83.917,39.43,1.713967722567287
84.223,39.43,1.7202128467908893
84.53,39.43,1.7264783799171832
84.835,39.43,1.732703095238094
85.01,39.42,1.7362737474120071
85.317,39.43,1.7425392805383009
85.624,39.43,1.7488048136645948
85.929,39.43,1.755029528985506
86.239,39.43,1.7613562888198746
86.541,39.43,1.767519777432711
86.607,39.42,1.7688664233954439
86.755,39.42,1.7718861749482389
86.901,39.42,1.7748651190476177
87.206,39.43,1.7810898343685289
87.508,39.43,1.7872533229813652
87.777,39.42,1.7927419254658374
87.965,39.42,1.7965778260869556
88.271,39.43,1.802822950310558
88.38,39.43,1.8050475207039325
88.686,39.43,1.8112926449275353
88.992,39.43,1.8175377691511376
89.12,39.42,1.8201494461697711
89.345,39.42,1.8247402846790879
89.652,39.43,1.8310058178053819
89.682,39.42,1.8316179296066242
89.918,39.42,1.83643320910973
90.215,39.43,1.8424946532091089
90.434,39.42,1.8469630693581771
90.581,39.42,1.8499624171842641
90.787,39.42,1.8541655848861276
90.983,39.42,1.8581647153209102
91.11,39.42,1.8607559886128355
91.414,39.43,1.866960295031055
91.643,39.42,1.8716327484472042
91.758,39.42,1.8739791770186327
92.064,39.43,1.880224301242235
92.193,39.42,1.8828563819875768
92.502,39.43,1.8891627329192537
92.635,39.42,1.8918764285714278
92.896,39.42,1.8972018012422351
93.005,39.42,1.8994258074534152
93.21,39.42,1.9036085714285704
93.347,39.42,1.9064038819875766
93.504,39.42,1.9096072670807445
93.802,39.42,1.9156875776397506
94.094,39.42,1.921645465838508
94.271,39.42,1.9252569254658374
94.573,39.43,1.9314204140786737
94.672,39.42,1.933440383022773
94.978,39.42,1.939683923395444
95.075,39.43,1.9416635869565206
95.242,39.42,1.9450710093167691
95.544,39.43,1.9512344979296055
95.643,39.42,1.9532544668737049
95.91,39.43,1.9587036438923384
96.214,39.43,1.964907950310558
96.483,39.43,1.9703979451345746
96.698,39.43,1.9747858592132492
97.005,39.43,1.9810513923395432
97.31,39.42,1.987274528985506
97.371,39.43,1.9885194720496882
97.675,39.43,1.9947237784679077
97.832,39.43,1.997927976190475
98.135,39.42,2.004110305383022
98.155,39.43,2.004518483436852
98.313,39.42,2.0077422722567277
98.411,39.43,2.009742344720496
98.642,39.43,2.014456801242235
98.867,39.43,2.019048804347825
99.17,39.43,2.0252327018633527
99.348,39.43,2.0288654865424416
99.493,39.43,2.0318247774327105
99.801,39.42,2.0381091252587975
100.038,39.42,2.042944808488611
100.33,39.43,2.0489042080745326
100.561,39.43,2.053618664596272
100.825,39.42,2.0590052484472037
101.108,39.43,2.0647809679089013
101.253,39.43,2.0677402587991702
101.555,39.42,2.073902184265009
101.86,39.42,2.0801253209109714
101.977,39.43,2.082513162525878
102.282,39.42,2.0887362991718406
102.35,39.43,2.0901241045548633
102.652,39.42,2.096286030020702
102.721,39.43,2.097694244306416
103.03,39.42,2.1039989958592114
103.313,39.43,2.109774715320909
103.616,39.42,2.1159570445134555
103.922,39.42,2.122200584886126
104.226,39.43,2.1284048913043456
104.533,39.43,2.13467042443064
104.592,39.42,2.1358742443064163
104.73,39.42,2.138689958592131
105.032,39.43,2.144853447204967
105.297,39.43,2.1502618064182175
105.603,39.42,2.156505346790888
105.613,39.43,2.1567094358178034
105.74,39.42,2.1593007091097287
106.05,39.43,2.165627468944097
106.08,39.42,2.1662395807453394
106.208,39.42,2.168851257763973
106.51,39.43,2.1750147463768097
106.817,39.43,2.1812802795031034
107.122,39.42,2.1875034161490663
107.31,39.43,2.1913402898550705
107.469,39.43,2.1945853053830207
107.735,39.43,2.200014073498963
108.04,39.43,2.206238788819874
108.345,39.42,2.212461925465836
108.65,39.42,2.218685062111799
108.728,39.43,2.2202769565217366
109.034,39.42,2.2265204968944077
109.193,39.43,2.229765512422358
109.496,39.42,2.2359478416149043
109.526,39.43,2.2365601086956497
109.826,39.42,2.242681226708072
110.13,39.42,2.2488839596273267
110.219,39.43,2.2507003519668713
110.522,39.43,2.2568842494823995
110.699,39.42,2.2604957091097284
110.827,39.42,2.263107386128362
111.037,39.42,2.2673921687370577
111.183,39.43,2.2703718685300185
111.488,39.43,2.2765965838509294
111.54,39.42,2.2776575776397494
111.843,39.42,2.283839906832296
112.119,39.43,2.289472763975153
112.423,39.43,2.2956770703933724
112.729,39.42,2.301920610766043
112.77,39.43,2.302757375776395
113.066,39.43,2.3087984109730826
113.226,39.42,2.3120630072463744
113.343,39.43,2.314450848861281
113.65,39.42,2.32071479296066
113.746,39.43,2.322674047619045
114.03,39.43,2.3284701759834343
114.328,39.43,2.3345520289855046
114.638,39.43,2.340878788819873
114.943,39.42,2.3471019254658354
115.088,39.43,2.3500612163561043
115.265,39.43,2.353673592132502
115.42,39.43,2.356836972049686
115.652,39.43,2.361571837474117
115.957,39.42,2.367794974120079
116.136,39.43,2.37144816770186
116.44,39.42,2.3776509006211146
116.577,39.43,2.3804469202898515
116.813,39.43,2.3852634213250483
117.068,39.43,2.390467691511384
117.233,39.43,2.3938351604554833
117.469,39.43,2.3986516614906797
117.597,39.43,2.401264001035193
117.901,39.42,2.4074667339544478
118.203,39.42,2.4136286594202865
118.509,39.42,2.419872199792957
118.816,39.42,2.426136143892336
119.117,39.42,2.4322776656314664
119.223,39.43,2.4344410093167665
119.525,39.42,2.4406029347826053
119.828,39.42,2.4467852639751517
119.995,39.43,2.450193550724634
120.3,39.42,2.4564166873705964
120.601,39.43,2.4625597670807413
120.815,39.43,2.466927272256725
121.118,39.42,2.4731096014492713
121.419,39.42,2.479251123188402
121.725,39.42,2.4854946635610724
122.032,39.42,2.491758607660451
122.295,39.41,2.497123426501031
122.6,39.42,2.5033465631469936
122.902,39.42,2.5095084886128323
122.969,39.41,2.5108751915113827
123.02,39.43,2.51191604554865
123.323,39.42,2.5180983747411965
123.627,39.42,2.524301107660451
123.912,39.41,2.530114694616973
124.06,39.41,2.5331336801242195
124.363,39.42,2.539316009316766
124.425,39.41,2.5405807194616936
124.735,39.42,2.5469058747411966
124.969,39.41,2.5516791356107618
125.271,39.42,2.5578410610766005
125.536,39.41,2.5632466770186295
125.841,39.41,2.569468234989644
126.146,39.42,2.5756913716356067
126.349,39.41,2.579832277432708
126.558,39.41,2.584095574534157
126.86,39.42,2.5902574999999954
126.928,39.41,2.591644601449271
127.237,39.42,2.597949353002066
127.544,39.42,2.604213297101445
127.669,39.41,2.606763115942025
127.973,39.42,2.6129658488612795
127.993,39.41,2.6133738198757723
128.296,39.42,2.619556149068319
128.605,39.42,2.625860900621114
128.645,39.41,2.6266768426500997
128.938,39.41,2.632653618012418
129.237,39.42,2.6387543322981326
129.542,39.42,2.6449774689440955
129.846,39.42,2.65118020186335
130.151,39.42,2.657403338509313
130.211,39.43,2.6586278726708037
130.515,39.42,2.664830605590058
130.814,39.42,2.6709313198757725
131.01,39.41,2.6749294358178015
131.315,39.42,2.6811525724637644
131.62,39.42,2.6873757091097272
131.698,39.41,2.688966796066249
131.864,39.41,2.692352955486539
132.013,39.41,2.69539233954451
132.189,39.41,2.698982484472046
132.488,39.42,2.7050831987577606
132.793,39.42,2.7113063354037235
132.979,39.41,2.715100465838506
133.283,39.42,2.7213031987577603
133.293,39.41,2.721507184265007
133.593,39.42,2.727628302277429
133.633,39.41,2.7284442443064147
133.896,39.41,2.733809063146994
134.154,39.41,2.7390718892339505
134.458,39.42,2.745274622153205
134.761,39.42,2.7514569513457516
135.065,39.42,2.7576596842650063
135.191,39.41,2.7602299016563108
135.494,39.42,2.7664122308488572
135.561,39.41,2.767778933747408
135.69,39.41,2.7704103467908863
135.864,39.41,2.7739596946169733
136.04,39.41,2.7775498395445095
136.17,39.41,2.780201651138712
136.308,39.41,2.783016651138712
136.616,39.42,2.7893009989647997
136.756,39.42,2.7921575207039298
137.058,39.41,2.79831788302277
137.361,39.41,2.804498643892335
137.539,39.42,2.8081305072463723
137.84,39.41,2.8142704710144884
137.957,39.42,2.816657707039333
138.18,39.42,2.821207738095234
138.431,39.42,2.826329073498961
138.725,39.42,2.8323277691511346
139.027,39.41,2.838488131469975
139.133,39.42,2.840650926501031
139.438,39.42,2.8468740631469935
139.746,39.42,2.853158410973081
139.863,39.42,2.8555456469979257
140.168,39.42,2.8617687836438885
140.475,39.41,2.868031138716352
140.662,39.42,2.871846635610762
140.964,39.41,2.878006997929602
141.159,39.42,2.8819857246376763
141.324,39.42,2.885352339544509
141.556,39.42,2.8900860041407825
141.86,39.41,2.8962871635610723
142.104,39.42,2.9012656728778423
142.34,39.42,2.9060809523809477
142.642,39.41,2.912241314699788
142.946,39.41,2.9184424741200776
143.254,39.41,2.924725227743266
143.42,39.42,2.9281122463768066
143.588,39.42,2.931540072463763
143.718,39.42,2.9341925569358125
143.932,39.42,2.9385589544513406
144.234,39.41,2.9447193167701817
144.421,39.42,2.9485348136645912
144.726,39.41,2.954756371635606
145.027,39.41,2.9608963354037217
145.186,39.42,2.964140527950306
145.489,39.41,2.9703212888198713
145.79,39.41,2.976461252587987
146.094,39.41,2.9826624120082768
146.132,39.42,2.9834377536231838
146.441,39.41,2.9897409057970967
146.644,39.42,2.993882862318836
146.949,39.41,3.000104420289851
147.046,39.42,3.002083581780534
147.35,39.41,3.0082847412008236
147.663,39.41,3.0146694875776356
147.966,39.41,3.020850248447201
148.27,39.41,3.0270514078674906
148.574,39.41,3.0332525672877804
148.877,39.41,3.0394333281573456
149.182,39.41,3.0456548861283594
149.458,39.42,3.051286314699788
149.753,39.42,3.05730541407867
150.054,39.41,3.063445377846786
150.356,39.41,3.0696057401656263
150.659,39.41,3.0757865010351915
150.959,39.41,3.081906066252583
151.261,39.41,3.088066428571423
151.563,39.41,3.0942267908902634
151.864,39.41,3.1003667546583795
152.169,39.41,3.1065883126293943
152.476,39.41,3.1128506677018577
152.782,39.41,3.119092624223597
153.089,39.41,3.1253549792960604
153.391,39.41,3.1315153416149006
153.696,39.41,3.1377368995859154
153.998,39.41,3.1438972619047556
154.303,39.41,3.1501188198757704
154.606,39.41,3.1562995807453356
154.911,39.41,3.1625211387163503
155.213,39.41,3.1686815010351905
155.513,39.41,3.174801066252582
155.82,39.41,3.1810634213250455
156.124,39.41,3.1872645807453353
156.434,39.41,3.193588131469973
156.744,39.41,3.1999116821946103
157.049,39.41,3.206133240165625
157.355,39.41,3.212375196687364
157.656,39.41,3.21851516045548
157.961,39.41,3.224736718426495
158.26,39.41,3.230835885093161
158.563,39.41,3.237016645962726
158.866,39.41,3.2431974068322917
159.174,39.41,3.24948016045548
159.478,39.41,3.25568131987577
159.786,39.41,3.2619640734989583
160.091,39.41,3.268185631469973
160.398,39.41,3.2744479865424365
160.426,39.4,3.27501900103519
160.729,39.41,3.2811997619047557
160.975,39.4,3.2862165320910908
161.279,39.41,3.2924176915113805
161.447,39.4,3.295843778467902
161.635,39.4,3.299677732919248
161.896,39.4,3.305000403726701
162.024,39.4,3.307610755693575
162.179,39.4,3.3107717287784615
162.482,39.41,3.3169524896480267
162.785,39.41,3.323133250517592
163.09,39.41,3.3293548084886067
163.361,39.4,3.3348814130434716
163.633,39.4,3.340428410973079
163.932,39.41,3.346527577639745
163.951,39.4,3.346915051759828
164.149,39.4,3.350952939958586
164.456,39.41,3.3572152950310494
164.759,39.41,3.3633960559006146
165.069,39.41,3.369719606625252
165.157,39.4,3.371514223602478
165.46,39.41,3.3776949844720434
165.558,39.4,3.379693535196681
165.844,39.4,3.3855260403726644
166.04,39.4,3.3895231418219396
166.22,39.4,3.393193949275356
166.465,39.4,3.39819032608695
166.738,39.4,3.4037577173912976
167.042,39.41,3.4099588768115874
167.112,39.4,3.4113864130434712
167.418,39.41,3.4176283695652105
167.497,39.4,3.4192394461697657
167.801,39.41,3.425440605590055
167.909,39.4,3.4276430900621047
168.211,39.41,3.4338034523809458
168.38,39.4,3.4372499327122084
168.679,39.41,3.4433490993788753
168.718,39.4,3.444144440993782
169.025,39.41,3.4504067960662463
169.184,39.4,3.453649342650097
169.454,39.4,3.4591555538302217
169.621,39.4,3.4625612474120024
169.928,39.4,3.468822013457551
170.024,39.41,3.470780274327116
170.248,39.41,3.475349549689435
170.549,39.41,3.481489513457551
170.734,39.41,3.485263245341609
171.039,39.4,3.491483224637675
171.107,39.41,3.4928703260869503
171.411,39.4,3.4990699120082756
171.529,39.41,3.5014769409937827
171.792,39.41,3.5068417598343626
172.094,39.4,3.5130005590062052
172.104,39.41,3.513204544513452
172.363,39.41,3.518487769151133
172.588,39.41,3.5230774430641763
172.793,39.41,3.527259145962727
173.101,39.41,3.5335418995859156
173.409,39.4,3.5398230590062054
173.713,39.4,3.5460226449275307
173.751,39.41,3.5467977898550673
174.053,39.4,3.55295658902691
174.191,39.41,3.55577158902691
174.498,39.4,3.5620323550724584
174.735,39.41,3.566866811594198
174.91,39.41,3.5704365579710093
175.216,39.4,3.576676930641817
175.257,39.41,3.577513271221527
175.524,39.41,3.5829596842650053
175.827,39.4,3.5891388768115893
176.132,39.4,3.5953588561076555
176.192,39.41,3.5965827691511336
176.301,39.41,3.598806211180119
176.607,39.4,3.6050465838509265
176.908,39.4,3.6111849896480277
177.217,39.4,3.6174865424430593
177.343,39.41,3.6200567598343634
177.65,39.4,3.6263175258799123
177.957,39.4,3.632578291925461
178.262,39.4,3.638798271221527
178.458,39.41,3.642796387163556
178.714,39.41,3.648018416149063
178.931,39.41,3.6524449016563096
179.208,39.41,3.658095300207034
179.513,39.4,3.6643152795031004
179.818,39.4,3.6705352587991666
179.867,39.39,3.6715342805382964
180.173,39.4,3.677774653209104
180.476,39.4,3.683953845755688
180.685,39.39,3.6882149792960606
180.973,39.39,3.6940867805382966
181.233,39.39,3.699387712215315
181.537,39.4,3.7055872981366402
181.84,39.4,3.711766490683224
182.096,39.41,3.7169885196687313
182.193,39.39,3.7189661749482346
182.5,39.4,3.725226940993783
182.792,39.39,3.73118029503105
182.973,39.39,3.7348705590062057
183.15,39.39,3.7384792701863296
183.459,39.4,3.744780822981361
183.762,39.4,3.750960015527945
183.929,39.39,3.7543648447204916
184.229,39.4,3.760482857142852
184.531,39.4,3.7666416563146945
184.717,39.39,3.7704338612836388
185.02,39.4,3.7766130538302227
185.139,39.39,3.7790392494823966
185.443,39.4,3.785238835403722
185.571,39.39,3.7878485248447156
185.878,39.4,3.794109290890264
186.181,39.4,3.8002884834368484
186.27,39.39,3.8021030331262895
186.576,39.39,3.808341821946165
186.782,39.39,3.812541790890265
187.089,39.39,3.818800967908898
187.396,39.39,3.825060144927531
187.7,39.39,3.8312581573498914
187.855,39.4,3.8344191304347777
188.039,39.4,3.8381715113871584
188.254,39.4,3.8425560869565167
188.4,39.4,3.8455335196687326
188.605,39.4,3.8497141614906782
188.788,39.4,3.8534461490683185
189.095,39.4,3.859706915113867
189.402,39.39,3.8659660921325
189.488,39.4,3.8677199223602434
189.794,39.39,3.8739587111801193
190.099,39.39,3.880177111801237
190.109,39.4,3.880381045548649
190.383,39.4,3.885968830227738
190.688,39.4,3.892188809523804
190.952,39.39,3.897571293995854
191.187,39.4,3.9023637370600364
191.4,39.4,3.906707525879912
191.705,39.39,3.91292592650103
191.773,39.4,3.9143126759834312
191.998,39.4,3.9189011853002014
192.109,39.4,3.921164849896475
192.408,39.39,3.927260921325046
192.527,39.4,3.9296877329192488
192.829,39.39,3.9358449689440937
193.133,39.39,3.942042981366454
193.435,39.4,3.9482017805382967
193.74,39.39,3.954420181159415
194.048,39.39,3.960699746376806
194.356,39.39,3.9669793115941974
194.638,39.4,3.9727302432712164
194.942,39.39,3.9789282556935768
195.242,39.39,3.9850447153209054
195.546,39.39,3.991242727743266
195.852,39.39,3.9974815165631417
196.159,39.39,4.003740693581775
196.46,39.39,4.009877541407862
196.76,39.39,4.015994001035191
197.061,39.39,4.022130848861278
197.369,39.39,4.028410414078669
197.672,39.39,4.034588038302272
197.978,39.39,4.040826827122148
198.26,39.38,4.046574839544507
198.564,39.39,4.052772851966868
198.865,39.39,4.058909699792955
198.944,39.38,4.060519958592127
199.249,39.39,4.066738359213245
199.522,39.38,4.072302924430636
199.826,39.39,4.078500936852996
200.125,39.39,4.084597008281568
200.428,39.39,4.090774632505171
200.724,39.39,4.096809539337468
200.958,39.38,4.101579166666661
201.259,39.39,4.107716014492747
201.492,39.38,4.1124652587991655
201.797,39.39,4.118683659420284
202.099,39.39,4.1248408954451286
202.275,39.38,4.128428307453411
202.577,39.39,4.134585543478256
202.88,39.39,4.140763167701858
203.096,39.38,4.145165900621113
203.38,39.38,4.150954679089022
203.684,39.39,4.157152691511382
203.988,39.39,4.163350703933743
204.057,39.38,4.164757132505171
204.194,39.38,4.167549606625254
204.341,39.38,4.170545910973081
204.649,39.39,4.176825476190472
204.952,39.39,4.183003100414075
205.255,39.38,4.189179156314696
205.558,39.39,4.195356780538298
205.769,39.38,4.1996575983436815
206.07,39.39,4.205794446169768
206.367,39.39,4.211849741200823
206.67,39.39,4.218027365424426
206.814,39.38,4.220962520703929
207.085,39.38,4.226486319875772
207.373,39.38,4.2323566304347775
207.582,39.38,4.236616682194612
207.829,39.38,4.24165128881987
208.044,39.39,4.24603475155279
208.344,39.38,4.252149658385087
208.647,39.38,4.258325714285708
208.842,39.39,4.262301413043472
209.144,39.38,4.268457085921319
209.447,39.38,4.27463314182194
209.754,39.38,4.280890729813658
209.983,39.39,4.285559627329186
210.29,39.38,4.291817215320904
210.592,39.38,4.297972888198752
210.894,39.38,4.304128561076598
211.197,39.38,4.310304616977219
211.505,39.38,4.316582587991712
211.778,39.37,4.322145740165625
212.081,39.38,4.328321796066246
212.385,39.38,4.334518234989641
212.415,39.37,4.335129570393368
212.72,39.38,4.341346392339538
212.807,39.37,4.343119265010346
212.967,39.37,4.346379720496889
213.186,39.37,4.350842468944093
213.488,39.38,4.35699814182194
213.546,39.37,4.358180056935812
213.841,39.37,4.364191521739125
214.009,39.38,4.367615869565212
214.314,39.38,4.373832691511382
214.613,39.37,4.379925667701858
214.92,39.38,4.3861832556935765
215.029,39.37,4.388404440993784
215.337,39.37,4.394680817805378
215.564,39.38,4.399307763975151
215.684,39.38,4.40175372670807
215.989,39.37,4.407968969979292
216.289,39.37,4.414082324016559
216.3,39.38,4.414306537267077
216.604,39.37,4.4205014026915075
216.908,39.37,4.426696268115937
217.208,39.37,4.432809622153204
217.516,39.37,4.439085998964798
217.823,39.37,4.445341997929602
218.126,39.37,4.451516485507241
218.425,39.37,4.457609461697718
218.651,39.38,4.462216024844716
218.952,39.37,4.468349756728774
219.26,39.37,4.474626133540368
219.564,39.37,4.4808209989647985
219.868,39.37,4.487015864389229
220.172,39.37,4.49321072981366
220.471,39.37,4.499303706004136
220.778,39.37,4.505559704968939
221.081,39.37,4.511734192546578
221.386,39.37,4.5179494358178
221.689,39.37,4.52412392339544
221.992,39.37,4.530298410973079
222.296,39.37,4.536493276397509
222.602,39.37,4.542728897515522
222.731,39.38,4.54535830745341
223.029,39.37,4.551430905797095
223.331,39.37,4.557585015527944
223.629,39.37,4.563657613871629
223.932,39.37,4.569832101449268
224.232,39.37,4.5759454554865355
224.539,39.37,4.582201454451338
224.844,39.37,4.58841669772256
225.148,39.37,4.594611563146991
225.453,39.37,4.600826806418213
225.581,39.36,4.603434508281566
225.886,39.37,4.609649751552788
225.935,39.36,4.610648012422353
226.211,39.36,4.61627086956521
226.356,39.36,4.61922490683229
226.55,39.36,4.623177204968936
226.855,39.37,4.629392448240157
226.883,39.36,4.629962883022766
227.002,39.36,4.6323872308488525
227.132,39.36,4.635035678053821
227.288,39.36,4.638213814699784
227.442,39.36,4.641351206004132
227.75,39.37,4.647627582815726
227.972,39.36,4.652150315734981
228.275,39.37,4.65832480331262
228.305,39.36,4.658935983436844
228.605,39.37,4.665049337474111
228.764,39.36,4.668288592132496
229.063,39.36,4.674380020703924
229.348,39.37,4.6801877070393285
229.652,39.36,4.686380998964794
229.751,39.37,4.688398405797093
230.057,39.36,4.694632443064173
230.137,39.37,4.696262670807445
230.442,39.36,4.702476335403719
230.749,39.36,4.708730745341607
231.056,39.36,4.7149851552794955
231.251,39.37,4.718958835403719
231.556,39.36,4.725172499999993
231.595,39.35,4.72596683229813
231.901,39.36,4.732200869565211
232.087,39.35,4.735989223602477
232.392,39.36,4.742202888198751
232.697,39.36,4.748416552795025
232.872,39.35,4.751980864389227
233.069,39.35,4.755993260869558
233.376,39.36,4.762247670807446
233.386,39.35,4.762451345755687
233.682,39.36,4.768481656314693
233.982,39.36,4.774593457556929
234.042,39.35,4.77581550724637
234.277,39.35,4.780601868530013
234.576,39.35,4.786691749482395
234.855,39.36,4.792375724637674
235.03,39.36,4.795940942028979
235.141,39.35,4.7982017339544445
235.418,39.35,4.803843530020697
235.66,39.35,4.808772463768109
235.844,39.35,4.812520082815728
236.106,39.36,4.817857722567281
236.411,39.36,4.8240713871635545
236.718,39.36,4.830325797101443
236.905,39.35,4.834134518633534
237.08,39.35,4.837698830227737
237.362,39.35,4.843442463768109
237.658,39.36,4.849472774327115
237.738,39.35,4.851102173913037
237.853,39.35,4.853444435817799
237.988,39.35,4.8561940476190415
238.292,39.35,4.862385766045542
238.331,39.36,4.863180300207032
238.513,39.36,4.866888126293989
238.816,39.35,4.873059477225666
238.934,39.36,4.875463452380945
239.234,39.35,4.881573700828151
239.262,39.36,4.882144135610759
239.568,39.35,4.888376589026908
239.872,39.35,4.894568307453409
240.178,39.35,4.900800760869558
240.482,39.35,4.906992479296059
240.787,39.35,4.9132045652173835
241.091,39.35,4.919396283643884
241.392,39.35,4.925526899585913
241.693,39.35,4.9316575155279425
241.996,39.35,4.937828866459619
242.302,39.35,4.944061319875768
242.604,39.35,4.950212303312622
242.911,39.35,4.956465124223595
243.217,39.35,4.9626975776397435
243.522,39.35,4.968909663561068
243.824,39.34,4.975059083850923
244.123,39.35,4.981148964803304
244.425,39.35,4.987299948240158
244.497,39.34,4.988766035196679
244.664,39.34,4.992166542443056
244.971,39.35,4.99841936335403
244.981,39.34,4.998622986542435
245.197,39.34,5.003021247412001
245.502,39.35,5.009233333333325
245.629,39.34,5.011819347826079
245.934,39.35,5.018031433747404
246.002,39.34,5.019416071428563
246.169,39.35,5.022817443064174
246.472,39.34,5.02898722567287
246.773,39.34,5.035116283643884
247.078,39.34,5.041326790890261
247.312,39.35,5.046092784679081
247.521,39.35,5.0503495910973
247.657,39.35,5.053119570393367
247.957,39.34,5.05922826604554
248.044,39.35,5.06100023809523
248.288,39.35,5.06596990683229
248.434,39.35,5.068943561076596
248.733,39.34,5.075031894409929
248.742,39.35,5.075215201863345
248.974,39.35,5.079940460662517
249.28,39.34,5.086171330227734
249.29,39.35,5.086375005175975
249.575,39.35,5.09217974120082
249.652,39.33,5.09374724120082
249.959,39.34,5.099998473084878
250.26,39.34,5.1061275310558925
250.552,39.33,5.112071816770178
250.794,39.33,5.116998245341607
251.099,39.33,5.123207173913035
251.397,39.34,5.129275144927528
251.67,39.33,5.134832644927528
251.884,39.33,5.139189073498956
251.992,39.34,5.141388203933739
252.284,39.33,5.147332489648025
252.589,39.34,5.1535429968944015
252.687,39.33,5.1555379968944015
252.987,39.34,5.161646692546575
253.284,39.34,5.167694301242227
253.588,39.33,5.173882872670799
253.892,39.33,5.1800714440993705
254.196,39.33,5.186260015527942
254.498,39.33,5.192407872670799
254.8,39.33,5.198555729813656
254.915,39.34,5.200897396480323
255.158,39.32,5.205842924430633
255.464,39.33,5.212072210144919
255.767,39.33,5.2182404244306335
255.882,39.32,5.22058090062111
256.186,39.33,5.226769472049681
256.491,39.33,5.23297840062111
256.791,39.33,5.239085543478253
257.094,39.33,5.245253757763967
257.18,39.32,5.247004026915106
257.485,39.33,5.253212955486535
257.504,39.32,5.253599642857135
257.717,39.32,5.257934611801233
258.02,39.33,5.264102826086948
258.089,39.32,5.2655071118012335
258.397,39.32,5.271775517598335
258.7,39.32,5.277942163561067
258.739,39.33,5.278736092132496
259.044,39.32,5.284943442028976
259.348,39.32,5.291130439958583
259.651,39.32,5.297297085921316
259.942,39.33,5.3032210144927445
260.25,39.32,5.309489420289846
260.389,39.33,5.3123190631469885
260.688,39.32,5.318404301242226
260.996,39.32,5.324672707039327
261.304,39.32,5.330941112836428
261.608,39.32,5.337128110766035
261.915,39.32,5.343376164596263
262.221,39.32,5.349603866459617
262.529,39.32,5.355872272256718
262.834,39.32,5.362079622153199
263.136,39.32,5.368225916149059
263.443,39.32,5.374473969979285
263.453,39.31,5.374677437888188
263.764,39.32,5.381006899585912
264.067,39.32,5.387173545548644
264.106,39.31,5.387967070393365
264.334,39.31,5.392606138716346
264.642,39.32,5.398874544513447
264.671,39.31,5.399464601449265
264.911,39.31,5.404347831262929
265.166,39.31,5.409536262939947
265.474,39.32,5.4158046687370485
265.631,39.31,5.41899911490682
265.867,39.31,5.423800957556925
266.174,39.31,5.430047422360237
266.373,39.32,5.434097463768104
266.58,39.31,5.43830924948239
266.887,39.31,5.444555714285703
267.046,39.32,5.447791677018622
267.227,39.32,5.451475383022762
267.535,39.31,5.457742194616966
267.839,39.31,5.463927619047607
267.868,39.3,5.464517525879905
268.174,39.31,5.470743643892327
268.243,39.3,5.4721472153208985
268.547,39.31,5.478332639751541
268.558,39.3,5.478556397515515
268.865,39.31,5.484802862318828
269.171,39.31,5.49102898033125
269.19,39.3,5.49141547101448
269.43,39.3,5.49629745859212
269.561,39.3,5.4989622101449145
269.84,39.3,5.504637520703921
270.147,39.31,5.510883985507234
270.404,39.31,5.5161131107660335
270.715,39.3,5.522439353002058
270.795,39.31,5.5240670962732805
271.103,39.3,5.5303323136645846
271.406,39.3,5.536495822981355
271.718,39.3,5.542842406832286
272.025,39.3,5.549087282608683
272.333,39.3,5.555352499999988
272.639,39.3,5.561577034161479
272.943,39.3,5.567760885093155
273.25,39.29,5.574004171842637
273.553,39.3,5.580167681159407
273.591,39.29,5.580940465838497
273.823,39.29,5.585658519668724
274.126,39.3,5.591822028985494
274.136,39.29,5.592025393374729
274.401,39.29,5.597414549689429
274.636,39.3,5.602194829192535
274.785,39.3,5.605225729813653
275.092,39.29,5.6114690165631345
275.395,39.29,5.617630957556924
275.523,39.3,5.620234684264999
275.75,39.3,5.62485223084885
276.055,39.29,5.631054844720485
276.183,39.3,5.633658571428559
276.439,39.3,5.638866024844709
276.742,39.29,5.645027965838498
277.044,39.29,5.651169570393362
277.352,39.29,5.657433193581768
277.393,39.28,5.658266775362306
277.699,39.29,5.664489725672866
277.995,39.29,5.670509311594191
278.299,39.28,5.676690015527938
278.603,39.28,5.682870719461686
278.91,39.28,5.689112417184254
279.138,39.29,5.693749125258787
279.442,39.28,5.699929829192535
279.744,39.28,5.706069870600403
280.051,39.28,5.712311568322969
280.355,39.28,5.718492272256717
280.666,39.28,5.724815295031044
280.911,39.27,5.729795186335392
281.216,39.28,5.735996221532079
281.518,39.28,5.742136262939946
281.658,39.27,5.7449819151138595
281.805,39.27,5.747969849896468
281.974,39.27,5.75140495859212
282.244,39.27,5.756893002070382
282.442,39.27,5.760917567287772
282.746,39.27,5.767096697722555
282.912,39.28,5.770471687370588
283.214,39.28,5.776611728778455
283.39,39.28,5.780190031055888
283.691,39.27,5.7863081832298
283.71,39.28,5.78669447722566
284.005,39.26,5.79268914596272
284.307,39.27,5.79882762422359
284.436,39.26,5.801449021739118
284.739,39.27,5.807607826086944
284.985,39.26,5.812606770186323
285.103,39.27,5.815005248447193
285.407,39.27,5.821184378881975
285.466,39.26,5.822383312629388
285.682,39.27,5.8267737474119965
285.85,39.27,5.830188530020692
285.999,39.27,5.833217116977214
286.162,39.27,5.836530269151126
286.415,39.27,5.841672769151127
286.721,39.26,5.84789096790889
287.026,39.26,5.8540888457556814
287.329,39.26,5.860246081780526
287.634,39.26,5.8664439596273175
287.939,39.26,5.8726418374741085
288.241,39.26,5.878778752587979
288.545,39.26,5.884956309523798
288.806,39.25,5.890258716356095
289.108,39.26,5.896395631469967
289.157,39.25,5.897391102484459
289.284,39.26,5.899971858178041
289.589,39.26,5.906169736024832
289.786,39.25,5.910171935817793
290.086,39.25,5.916266656314688
290.292,39.26,5.920452763975143
290.595,39.25,5.926608431677007
290.897,39.25,5.93274378364388
291.206,39.25,5.939021345755681
291.307,39.24,5.941072712215308
291.475,39.24,5.944484886128352
291.695,39.24,5.948953209109718
291.998,39.24,5.9551073084886
292.187,39.25,5.958946982401644
292.391,39.25,5.963091392339532
292.548,39.25,5.966280962732906
292.853,39.24,5.972475683229801
293.157,39.24,5.978650093167689
293.462,39.24,5.9848448136645835
293.765,39.24,5.990998913043465
293.953,39.23,5.9948163250517466
294.258,39.24,6.001011045548641
294.559,39.23,6.007122965838497
294.569,39.24,6.007326071428559
294.873,39.23,6.013498907867482
295.099,39.24,6.018089094202885
295.405,39.23,6.024302541407854
295.712,39.23,6.030536293995846
296.014,39.23,6.036668519668725
296.317,39.23,6.042821050724625
296.447,39.22,6.045460077639739
296.681,39.22,6.050210326086944
296.817,39.22,6.052971154244294
297.082,39.22,6.058350709109718
297.383,39.23,6.064462629399573
297.412,39.22,6.065051335403714
297.638,39.22,6.069639182194605
297.738,39.23,6.071669720496883
298.041,39.22,6.077820683229802
298.101,39.23,6.079039006211168
298.278,39.23,6.082633059006199
298.572,39.22,6.088601319875765
298.879,39.22,6.094833483436842
299.185,39.22,6.101045346790879
299.421,39.21,6.1058349741200715
299.547,39.21,6.108392148033116
299.799,39.21,6.113506495859202
300.086,39.21,6.119331169772246
300.388,39.21,6.1254602691511275
300.691,39.21,6.131609663561066
300.883,39.22,6.135507303312619
301.189,39.21,6.141717582815725
301.49,39.21,6.147826387163551
301.79,39.21,6.153914896480321
302.096,39.21,6.160125175983427
302.395,39.21,6.16619339026914
302.434,39.2,6.166984694616968
302.667,39.2,6.171712230848851
302.9,39.2,6.176439767080734
303.205,39.2,6.182628172877836
303.507,39.2,6.188755709109721
303.809,39.2,6.194883245341606
304.114,39.2,6.201071651138706
304.416,39.2,6.207199187370591
304.696,39.19,6.21287889751552
305,39.2,6.219047013457548
305.088,39.19,6.220832065217382
305.394,39.19,6.227039177018624
305.451,39.2,6.228195698757755
305.692,39.2,6.233085553830219
305.992,39.2,6.239172510351958
306.29,39.19,6.245217344720488
306.593,39.19,6.251363602484463
306.894,39.19,6.25746929089026
307.195,39.19,6.263574979296057
307.499,39.19,6.269741521739122
307.803,39.19,6.275908064182185
308.018,39.18,6.280268157349886
308.164,39.18,6.283228964803303
308.435,39.18,6.288724710144918
308.738,39.18,6.294869399585912
309.042,39.18,6.301034368530011
309.144,39.17,6.303102349896472
309.449,39.18,6.309287598343677
309.757,39.18,6.315533685300199
309.787,39.17,6.316141915113863
310.088,39.18,6.322246045548646
310.273,39.17,6.325996796066245
310.555,39.17,6.331714156314692
310.861,39.17,6.33791810041407
311.166,39.17,6.344101770186327
311.472,39.17,6.350305714285706
311.778,39.17,6.356509658385085
312.08,39.17,6.3626325051759745
312.387,39.17,6.368856723602476
312.689,39.17,6.374979570393366
312.729,39.16,6.375790336438914
313.031,39.17,6.381913183229805
313.051,39.16,6.382318566252579
313.361,39.16,6.388602003105581
313.381,39.17,6.389007489648024
313.685,39.16,6.395169311594194
313.986,39.16,6.401270326086948
314.279,39.15,6.407207670807445
314.584,39.16,6.413389761904753
314.652,39.15,6.414767712215312
314.868,39.15,6.419144730848853
315.175,39.15,6.425365771221524
315.475,39.16,6.431446516563139
315.78,39.15,6.437627028985498
316.079,39.15,6.443685957556927
316.384,39.15,6.449866469979288
316.688,39.15,6.456026718426492
316.717,39.14,6.456614223602475
316.953,39.14,6.46139530020703
317.257,39.14,6.467553975155271
317.565,39.14,6.4737936853001985
317.867,39.14,6.479911842650095
318.17,39.14,6.486050258799163
318.286,39.15,6.488400879917175
318.585,39.14,6.494458260869556
318.89,39.14,6.500637194616968
319.155,39.13,6.506004404761895
319.464,39.14,6.512264373705995
319.768,39.14,6.518423048654235
319.808,39.13,6.519233193581772
320.11,39.13,6.525349787784671
320.367,39.14,6.530556299171835
320.531,39.14,6.533878742236016
320.832,39.13,6.539975082815726
321.132,39.13,6.546051169772248
321.359,39.12,6.5506475672877755
321.66,39.12,6.556742349896472
321.961,39.12,6.562837132505167
322.027,39.13,6.564173871635601
322.331,39.12,6.570329399585913
322.553,39.13,6.5748257039337386
322.857,39.12,6.58098123188405
323.158,39.12,6.587076014492745
323.459,39.12,6.593170797101441
323.765,39.12,6.599366821946161
324.07,39.12,6.605542598343677
324.159,39.11,6.607344249482393
324.289,39.11,6.609975874741193
324.5,39.12,6.614248297101441
324.734,39.12,6.618986433747404
324.89,39.12,6.622145191511379
325.195,39.11,6.628319389233947
325.501,39.11,6.6345138302277356
325.805,39.11,6.640667784679082
325.921,39.1,6.643015403726701
326.196,39.1,6.648580879917178
326.502,39.11,6.654775320910967
326.551,39.1,6.655766987577633
326.751,39.11,6.659815641821939
327.051,39.1,6.665887070393367
327.357,39.1,6.672079927536225
327.659,39.1,6.678191832298129
327.962,39.1,6.684323975155272
328.122,39.09,6.6875612422360176
328.427,39.09,6.693732282608688
328.581,39.08,6.696847355072456
328.59,39.07,6.697029358178045
328.897,39.07,6.703237686335395
329.202,39.07,6.70940556935817
329.405,39.08,6.713511801242228
329.708,39.07,6.719639239130427
330.007,39.07,6.725685786749475
330.314,39.07,6.731894114906825
330.618,39.07,6.738041775362311
330.918,39.07,6.744108545548647
331.221,39.07,6.750235983436846
331.292,39.06,6.751671418219454
331.423,39.06,6.7543198964803235
331.727,39.07,6.76046755693581
332.029,39.06,6.7665732091097235
332.333,39.06,6.772719296066246
332.631,39.06,6.77874407867494
332.817,39.05,6.7825035507246305
332.944,39.05,6.785070502070386
333.09,39.05,6.7880214855072385
333.308,39.05,6.7924277484471975
333.417,39.06,6.794631444099371
333.722,39.05,6.80079616977225
333.77,39.06,6.801766604554858
334.072,39.05,6.807870693581774
334.38,39.05,6.814096055900614
334.684,39.05,6.820240569358171
334.994,39.05,6.826506356107654
335.299,39.05,6.83267108178053
335.606,39.05,6.838876231884051
335.91,39.05,6.845020745341608
336.218,39.05,6.851246107660448
336.248,39.04,6.851852318840572
336.557,39.04,6.858096293995851
336.781,39.05,6.862623830227736
337.086,39.04,6.868786977225665
337.391,39.04,6.874950124223594
337.693,39.04,6.881052650103511
337.99,39.03,6.887052603519661
338.138,39.04,6.890043245341606
338.442,39.03,6.896184611801234
338.452,39.04,6.896386682194609
338.752,39.04,6.902448793995851
339.054,39.03,6.908549756728769
339.355,39.03,6.914630517598336
339.659,39.03,6.920771884057962
339.96,39.03,6.926852644927527
340.264,39.03,6.932994011387155
340.571,39.03,6.939195983436845
340.877,39.03,6.9453777536231796
340.949,39.02,6.946831915113862
341.251,39.02,6.952931314699783
341.439,39.02,6.956728291925457
341.743,39.02,6.962868084886119
341.801,39.03,6.964039792960653
342.102,39.02,6.970118995859203
342.407,39.02,6.9762789855072365
342.683,39.01,6.9818518426500935
342.984,39.02,6.987931045548644
343.092,39.01,6.990111728778458
343.387,39.01,6.996068224637671
343.673,39.02,7.001844477225663
343.975,39.01,7.007942313664587
344.021,39.02,7.008871361283634
344.321,39.01,7.0149288146997835
344.621,39.01,7.020986268115932
344.924,39.01,7.027104296066242
345.225,39.01,7.03318194099378
345.528,39.01,7.03929996894409
345.832,39.01,7.045438188405787
346.134,39.01,7.051536024844711
346.438,39.01,7.0576742443064076
346.737,39.01,7.06371150621117
346.952,39,7.068051568322971
347.252,39.01,7.074109021739121
347.292,39,7.074916475155269
347.539,39.01,7.079903778467899
347.738,39.01,7.083921889233944
348.044,39,7.0900989078674845
348.172,38.99,7.092682096273283
348.477,39,7.098838928571419
348.741,38.99,7.104166754658375
348.892,38.99,7.1072141097308394
349.046,38.99,7.110322008281564
349.352,39,7.116499026915104
349.413,38.99,7.1177300776397425
349.575,38.99,7.120999425465829
349.881,38.99,7.127174860248437
349.891,39,7.127376723602476
350.199,38.99,7.133592520703925
350.505,38.99,7.1397679554865325
350.807,38.99,7.14586266563146
351.115,38.99,7.152078462732909
351.421,38.99,7.158253897515517
351.44,38.98,7.158637241200817
351.742,38.99,7.164731951345745
351.842,38.98,7.166749549689429
351.972,38.98,7.16937242753622
352.273,38.99,7.175446956521728
352.52,38.99,7.180431702898538
352.648,38.99,7.183014891304336
352.948,38.98,7.189067686335391
353.117,38.99,7.19247830227742
353.419,38.98,7.19857144927535
353.726,38.98,7.204765476190464
354.03,38.98,7.210898975155267
354.329,38.98,7.216931594202887
354.631,38.98,7.223024741200816
354.931,38.98,7.229077536231872
355.147,38.97,7.23343443064181
355.445,38.98,7.239446873705992
355.604,38.97,7.242654032091085
355.905,38.98,7.248727003105578
356.213,38.98,7.25494120600413
356.52,38.98,7.2611352329192425
356.816,38.97,7.267105791925453
357.121,38.97,7.273257888198745
357.13,38.98,7.2734394720496764
357.26,38.98,7.276062349896467
357.561,38.97,7.282133762939945
357.866,38.97,7.288285859213237
358.048,38.96,7.291956004140773
358.32,38.96,7.297441055900607
358.436,38.96,7.299780269151124
358.603,38.96,7.303147929606611
358.906,38.97,7.309259684264997
359.037,38.96,7.311901381987563
359.34,38.96,7.318011568322967
359.643,38.96,7.32412175465837
359.951,38.96,7.330332769151125
360.184,38.96,7.33503136128363
360.49,38.96,7.341202044513444
360.791,38.96,7.347271899585907
360.96,38.97,7.350680766045534
361.069,38.97,7.352879384057958
361.185,38.97,7.355219197722554
361.494,38.96,7.361450377846778
361.8,38.96,7.3676210610765915
362.106,38.96,7.373791744306405
362.41,38.96,7.379922096273279
362.715,38.96,7.3860726138716215
363.022,38.96,7.392263462732905
363.329,38.96,7.398454311594189
363.633,38.96,7.404584663561062
363.652,38.95,7.404967712215306
363.924,38.95,7.410451356107646
364.139,38.95,7.414785854037253
364.439,38.96,7.420835543478247
364.577,38.96,7.423618400621104
364.857,38.95,7.429263328157337
365.163,38.95,7.4354324275362185
365.465,38.95,7.441520885093153
365.483,38.96,7.441883866459613
365.651,38.96,7.44527169254657
365.951,38.95,7.451319829192533
365.961,38.96,7.451521485507233
366.224,38.94,7.456822324016549
366.526,38.95,7.462910781573486
366.829,38.95,7.469019399585908
367.133,38.95,7.475148178053816
367.143,38.96,7.475349834368516
367.445,38.95,7.4814382919254525
367.75,38.95,7.487587230848848
368.054,38.95,7.493716009316756
368.358,38.95,7.4998447877846655
368.526,38.94,7.503230874741187
368.712,38.94,7.506979756728764
368.889,38.94,7.510547241200815
369.086,38.94,7.514517831262927
369.391,38.95,7.520666770186322
369.7,38.95,7.526896350931663
369.74,38.94,7.527702562111788
370.05,38.94,7.53395069875775
370.353,38.94,7.540057748447191
370.538,38.95,7.543787432712202
370.846,38.94,7.549995258799158
370.935,38.95,7.55178953933746
371.218,38.95,7.557494948240152
371.396,38.95,7.561083509316757
371.707,38.94,7.567351801242222
372.013,38.94,7.573519316770172
372.324,38.94,7.579787608695638
372.629,38.94,7.585934968944086
372.935,38.94,7.5921024844720355
373.24,38.94,7.598249844720483
373.548,38.94,7.604457670807439
373.851,38.94,7.61056472049688
374.152,38.94,7.616631459627315
374.456,38.94,7.62275866459626
374.755,38.94,7.628785093167688
375.059,38.94,7.6349122981366335
375.363,38.94,7.641039503105577
375.667,38.94,7.64716670807452
375.969,38.94,7.653253602484458
375.98,38.93,7.653475253623175
376.286,38.94,7.659642769151125
376.483,38.93,7.6636123395445
376.765,38.93,7.669294668737046
377.074,38.94,7.675522650103506
377.202,38.94,7.678102525879903
377.32,38.93,7.680480238095224
377.477,38.94,7.683644616977211
377.664,38.93,7.687412686335389
377.772,38.94,7.689589456521724
378.085,38.93,7.695896438923381
378.114,38.94,7.696480942028971
378.289,38.94,7.700008115942015
378.592,38.93,7.706113597308474
378.902,38.94,7.712361733954436
379.201,38.93,7.718386614906818
379.504,38.93,7.724492096273277
379.811,38.93,7.7306781780538145
379.989,38.92,7.7342639751552635
380.295,38.93,7.740429906832283
380.603,38.93,7.74663613871634
380.906,38.93,7.7527416200828
381.005,38.92,7.7547359679088865
381.31,38.92,7.760880170807438
381.508,38.92,7.7648688664596115
381.813,38.92,7.771013069358163
382.051,38.92,7.775807562111786
382.253,38.93,7.779877883022759
382.563,38.93,7.786124415113856
382.865,38.92,7.792208183229799
383.154,38.93,7.798031563146983
383.299,38.93,7.800953328157335
383.414,38.93,7.803270590062097
383.672,38.93,7.808469316770172
383.977,38.92,7.814613519668722
384.279,38.92,7.8206972877846646
384.388,38.93,7.822893649068308
384.695,38.92,7.829078141821932
385,38.92,7.835222344720483
385.299,38.92,7.8412456780538164
385.605,38.92,7.847410025879904
385.914,38.92,7.853634808488599
386.219,38.92,7.85977901138715
386.533,38.92,7.866104518633527
386.839,38.92,7.872268866459613
387.145,38.92,7.8784332142857
387.456,38.92,7.884698286749469
387.757,38.92,7.890761909937875
388.062,38.92,7.896906112836426
388.369,38.92,7.90309060559005
388.674,38.92,7.909234808488599
388.981,38.92,7.915419301242223
389.157,38.91,7.918963897515515
389.466,38.92,7.9251886801242115
389.77,38.92,7.931312738095225
389.819,38.91,7.932299585921313
390.123,38.92,7.938423643892326
390.244,38.91,7.940860553830215
390.551,38.91,7.947043457556923
390.777,38.92,7.951596211180111
391.08,38.91,7.957698555900608
391.268,38.91,7.961484829192533
391.571,38.91,7.967587173913031
391.878,38.91,7.973770077639738
392.185,38.92,7.979954570393362
392.491,38.92,7.986118918219448
392.51,38.91,7.986501573498952
392.638,38.91,7.98907946169771
392.747,38.92,7.99127525879916
392.854,38.92,7.993430766045536
393.16,38.91,7.999593530020692
393.25,38.92,8.001406573498953
393.559,38.92,8.007631356107648
393.862,38.91,8.013733700828144
393.933,38.92,8.015163990683217
394.238,38.91,8.02130661490682
394.547,38.91,8.027529798136634
394.854,38.91,8.03371270186334
395.157,38.91,8.039815046583836
395.465,38.91,8.046018090062097
395.773,38.91,8.052221133540359
395.991,38.9,8.056610471014478
396.137,38.9,8.059550119047605
396.274,38.9,8.062308555900607
396.56,38.9,8.068067044513443
396.839,38.9,8.073684591097294
396.987,38.91,8.076665274327109
397.136,38.91,8.079666097308476
397.443,38.91,8.085849001035182
397.542,38.9,8.087842324016549
397.848,38.9,8.094003504140773
397.858,38.91,8.094204901656301
398.043,38.91,8.097930755693568
398.347,38.9,8.104051666666653
398.415,38.91,8.105421169772244
398.717,38.9,8.11150181159419
398.739,38.91,8.11194488612835
399.042,38.91,8.118047230848846
399.208,38.91,8.121390429606612
399.393,38.91,8.125116283643877
399.649,38.91,8.130272060041392
399.798,38.91,8.133272883022759
399.935,38.9,8.13603131987576
400.243,38.9,8.142232769151123
400.391,38.91,8.145213452380938
400.696,38.9,8.151354497929592
400.854,38.91,8.154536578674932
401.159,38.9,8.160677624223586
401.286,38.91,8.163235372670792
401.58,38.91,8.169156459627313
401.883,38.9,8.175257236024828
402.091,38.91,8.17944630434781
402.326,38.91,8.184179145962716
402.503,38.91,8.18774388198756
402.81,38.9,8.193925196687353
403.121,38.9,8.200187049689422
403.426,38.9,8.206328095238076
403.512,38.89,8.208059223602465
403.817,38.9,8.21420026915112
403.906,38.89,8.215991785714266
404.212,38.9,8.22215296583849
404.517,38.9,8.228294011387144
404.816,38.9,8.23431424948238
405.125,38.9,8.240535833333313
405.154,38.89,8.241119585921304
405.462,38.9,8.247321035196666
405.481,38.89,8.2477034937888
405.621,38.89,8.250521609730828
405.927,38.89,8.25668120600412
405.977,38.9,8.257687934782588
406.132,38.9,8.260808793995839
406.437,38.89,8.266948260869546
406.468,38.9,8.267572432712196
406.596,38.9,8.270149658385074
406.902,38.89,8.276309254658367
407.038,38.9,8.279047556935799
407.342,38.89,8.285166894409919
407.641,38.89,8.29118558488611
407.95,38.89,8.297405569358158
408.027,38.9,8.298955931676998
408.206,38.9,8.302560020703913
408.513,38.89,8.30873974637679
408.816,38.89,8.314838954451325
409.12,38.89,8.320958291925447
409.424,38.89,8.327077629399566
409.727,38.89,8.3331768374741
410.026,38.89,8.339195527950292
410.331,38.89,8.345334994823999
410.636,38.89,8.351474461697705
410.938,38.89,8.357553540372653
411.237,38.89,8.363572230848844
411.541,38.89,8.369691568322963
411.846,38.89,8.37583103519667
412.149,38.89,8.381930243271205
412.45,38.89,8.387989192546566
412.754,38.89,8.394108530020688
413.059,38.89,8.400247996894395
413.176,38.88,8.402602531055885
413.478,38.89,8.408681609730834
413.783,38.89,8.414821076604541
414.089,38.88,8.4209790890269
414.345,38.88,8.426130890269137
414.648,38.89,8.432230098343672
414.773,38.88,8.434745626293982
415.028,38.88,8.439877303312615
415.331,38.89,8.44597651138715
415.38,38.88,8.44696259834367
415.644,38.88,8.452275393374727
415.947,38.89,8.458374601449261
416.103,38.88,8.46151398033125
416.32,38.88,8.465880936852988
416.623,38.89,8.471980144927523
416.633,38.88,8.472181387163547
416.823,38.88,8.476004989648018
417.128,38.89,8.482144456521725
417.288,38.88,8.485364332298124
417.472,38.88,8.48906718944098
417.774,38.89,8.49514626811593
418.076,38.89,8.501225346790878
418.147,38.88,8.502654166666654
418.449,38.88,8.508731682194604
418.498,38.89,8.509718022774313
418.802,38.89,8.515837360248435
419.081,38.88,8.521452018633529
419.384,38.89,8.527551226708063
419.641,38.89,8.532724482401644
419.942,38.88,8.538781873705991
420.099,38.89,8.54194218944098
420.403,38.88,8.548059953416137
420.442,38.89,8.548844999999988
420.549,38.89,8.55099884575568
420.783,38.89,8.555709125258787
420.973,38.89,8.559533711180112
421.234,38.89,8.564787484472037
421.408,38.89,8.568289999999987
421.709,38.88,8.574347391304334
422.012,38.89,8.580446599378869
422.314,38.88,8.586524114906819
422.385,38.89,8.587953302277418
422.639,38.89,8.593066169772243
422.831,38.89,8.596931014492739
423.134,38.88,8.603028654244293
423.213,38.89,8.60461887681158
423.514,38.88,8.610676268115927
423.818,38.88,8.616794032091082
424.004,38.89,8.620538100414064
424.304,38.88,8.626575367494809
424.611,38.88,8.632753504140771
424.913,38.88,8.638831019668721
425.213,38.88,8.644868286749468
425.513,38.88,8.650905553830212
425.82,38.88,8.657083690476174
426.038,38.87,8.661469642857126
426.344,38.88,8.667627655279485
426.629,38.87,8.673361583850914
426.765,38.87,8.676097774327104
427.071,38.88,8.682255786749465
427.219,38.87,8.685233405797083
427.525,38.87,8.691389834368511
427.831,38.88,8.697547846790872
427.841,38.87,8.697749037267062
428.021,38.87,8.70137046583849
428.291,38.87,8.706802608695632
428.592,38.88,8.71285999999998
428.897,38.87,8.718996309523789
428.926,38.88,8.71957991200826
429.225,38.87,8.725595507246357
429.283,38.88,8.7267627122153
429.584,38.87,8.732818545548634
429.691,38.88,8.734971837474099
429.988,38.88,8.740948731884037
430.22,38.88,8.745617551759814
430.329,38.88,8.747811092132485
430.632,38.87,8.753907163561056
430.934,38.87,8.759983115942008
431.238,38.87,8.766099306418198
431.542,38.87,8.772215496894388
431.75,38.88,8.776401335403705
432.057,38.87,8.782577883022753
432.097,38.88,8.783382851966852
432.401,38.87,8.789499042443044
432.703,38.87,8.795574994823996
433.009,38.87,8.801731423395426
433.069,38.88,8.802938876811575
433.369,38.87,8.80897459109729
433.67,38.87,8.815030424430622
433.814,38.88,8.81792831262938
434.117,38.87,8.824024384057951
434.419,38.87,8.830100336438903
434.725,38.87,8.836256765010333
435.034,38.87,8.842473550724618
435.337,38.87,8.848569622153189
435.643,38.87,8.854726050724617
435.947,38.87,8.860842241200809
436.253,38.87,8.866998669772236
436.432,38.86,8.870599052795011
436.738,38.87,8.87675548136644
437.045,38.87,8.882932028985488
437.347,38.86,8.889006418219441
437.653,38.87,8.895162846790871
437.953,38.87,8.901198561076585
438.255,38.87,8.907274513457537
438.332,38.86,8.90882328157348
438.571,38.86,8.91363049689439
438.879,38.87,8.919827163561056
439.182,38.87,8.925923234989627
439.201,38.86,8.926305398550703
439.504,38.87,8.932401469979274
439.515,38.86,8.932622722567265
439.819,38.87,8.938738913043457
440.12,38.87,8.94479474637679
440.427,38.87,8.950971293995838
440.546,38.86,8.953364844720475
440.801,38.86,8.958493881987556
441.105,38.87,8.964610072463747
441.371,38.86,8.969960362318819
441.679,38.86,8.976155434782587
441.937,38.86,8.981344813664576
442.113,38.86,8.984884855072442
442.375,38.86,8.990154689440972
442.674,38.86,8.99616873706002
442.88,38.86,9.000312194616955
443.115,38.87,9.005040170807431
443.225,38.87,9.007253266045527
443.365,38.86,9.010069208074512
443.668,38.86,9.016163711180102
443.857,38.87,9.019966211180103
444.163,38.86,9.0261210559006
444.469,38.86,9.032275900621096
444.499,38.87,9.032879472049668
444.805,38.86,9.039034316770165
444.881,38.87,9.040563364389211
445.191,38.86,9.04679866459625
445.469,38.87,9.052391759834347
445.771,38.86,9.058466149068302
446.069,38.87,9.064461625258778
446.246,38.87,9.068022696687349
446.555,38.86,9.074237883022754
446.867,38.86,9.080513410973065
447.172,38.86,9.086648141821927
447.48,38.86,9.092843214285695
447.784,38.86,9.09895783126292
448.087,38.86,9.10505233436851
448.108,38.85,9.105474616977206
448.414,38.86,9.111629461697703
448.629,38.85,9.115952831262922
448.815,38.85,9.119693048654225
449.118,38.86,9.125787551759815
449.399,38.85,9.131438095238076
449.708,38.85,9.137651682194598
450.014,38.85,9.143804943064163
450.292,38.85,9.149395160455466
450.574,38.86,9.155067272256709
450.885,38.85,9.161321076604533
451.194,38.85,9.167534663561055
451.274,38.86,9.169143773291903
451.583,38.86,9.175358959627308
451.891,38.86,9.181554032091077
452.019,38.85,9.184127945134554
452.196,38.86,9.187688100414057
452.5,38.85,9.193801143892317
452.639,38.86,9.196596972049667
452.943,38.86,9.202711589026892
453.245,38.85,9.208784415113849
453.443,38.86,9.2127669616977
453.748,38.85,9.218900113871612
453.868,38.86,9.221313778467886
454.174,38.85,9.227467039337451
454.233,38.86,9.228653757763952
454.541,38.85,9.234847236024821
454.579,38.86,9.235611563146975
454.887,38.85,9.241805041407844
454.935,38.86,9.242770507246354
455.14,38.86,9.246893850931654
455.276,38.86,9.249629337474097
455.426,38.86,9.252646418219438
455.728,38.85,9.258719244306395
455.805,38.86,9.260268012422337
455.934,38.86,9.26286270186333
456.236,38.85,9.268935527950285
456.543,38.85,9.275108897515503
456.853,38.85,9.281342593167677
457.16,38.85,9.287515962732895
457.464,38.85,9.293629006211155
457.773,38.85,9.299842593167677
457.821,38.86,9.300808059006187
458.126,38.85,9.3069412111801
458.429,38.85,9.313034145962709
458.732,38.85,9.319127080745318
459.037,38.85,9.32526023291923
459.343,38.85,9.331413493788796
459.652,38.85,9.337627080745317
459.958,38.85,9.343780341614883
460.266,38.85,9.349973819875752
460.571,38.85,9.356106972049664
460.591,38.84,9.356509042443038
460.894,38.85,9.362601977225648
461.178,38.84,9.368311376811569
461.471,38.84,9.374201708074509
461.777,38.85,9.380354968944074
462.031,38.84,9.385461262939934
462.338,38.85,9.391634632505152
462.46,38.84,9.394087261904737
462.584,38.84,9.39658009834366
462.829,38.84,9.4015054606625
463.132,38.84,9.407596827122127
463.432,38.85,9.41362943581778
463.715,38.84,9.419318731884031
464.019,38.85,9.425431775362293
464.099,38.84,9.427040056935791
464.256,38.84,9.430196309523783
464.462,38.84,9.434337634575543
464.773,38.85,9.44059143892337
464.881,38.84,9.442762619047592
465.186,38.85,9.448895771221505
465.39,38.85,9.452997945134548
465.698,38.85,9.459191423395417
465.998,38.84,9.465222479296038
466.3,38.85,9.471295305382995
466.603,38.84,9.477386671842622
466.789,38.84,9.481125926501006
466.924,38.84,9.483839901656285
467.176,38.84,9.488905988612807
467.472,38.84,9.494856630434752
467.685,38.85,9.499139782608665
467.931,38.85,9.504086521739099
468.231,38.85,9.510119130434752
468.474,38.85,9.51500554347823
468.63,38.85,9.51814249999997
468.934,38.84,9.524253969979267
469.069,38.85,9.52696864389231
469.332,38.85,9.532257230848831
469.635,38.84,9.538348597308458
469.683,38.85,9.539313814699762
469.986,38.84,9.545405181159389
470.134,38.85,9.54838126811591
470.308,38.85,9.551880181159389
470.609,38.84,9.557931340579678
470.619,38.85,9.5581324275362
470.919,38.84,9.56416348343682
471.222,38.84,9.570254849896447
471.251,38.85,9.57083800207036
471.548,38.84,9.576808747411976
471.849,38.84,9.582859906832265
472.154,38.84,9.58899148033123
472.458,38.84,9.595102950310528
472.723,38.83,9.600429011387131
473.029,38.84,9.606580688405765
473.04,38.83,9.606801770186305
473.341,38.84,9.612852929606595
473.546,38.83,9.61697309006208
473.848,38.84,9.623044353002038
473.914,38.83,9.624370843685268
474.132,38.83,9.628752282608664
474.388,38.84,9.63389878364386
474.605,38.83,9.63826012422357
474.768,38.83,9.641536154244275
475.074,38.83,9.647686247411977
475.379,38.83,9.653816242235994
475.4,38.84,9.654238416149036
475.706,38.84,9.66039009316767
476.012,38.83,9.666540186335371
476.127,38.84,9.668852091097277
476.434,38.83,9.675022282608664
476.742,38.83,9.681212572463735
476.802,38.84,9.68241878364386
476.901,38.83,9.684408519668704
477.208,38.83,9.690578711180091
477.256,38.84,9.69154368012419
477.469,38.84,9.695825729813631
477.755,38.84,9.70157533643889
478.061,38.83,9.70772542960659
478.368,38.83,9.713895621117977
478.678,38.83,9.72012610766042
478.709,38.84,9.720749316770151
479.012,38.83,9.726839114906797
479.318,38.83,9.732989208074498
479.624,38.83,9.7391393012422
479.934,38.83,9.745369787784643
480.241,38.83,9.75153997929603
480.548,38.83,9.757710170807417
480.85,38.83,9.763779870600379
481.156,38.83,9.76992996376808
481.46,38.83,9.77603986024841
481.769,38.83,9.782250248447168
482.072,38.83,9.788340046583814
482.376,38.83,9.794449943064144
482.684,38.83,9.800640232919218
482.988,38.83,9.806750129399548
483.297,38.83,9.812960517598306
483.601,38.83,9.819070414078636
483.908,38.83,9.825240605590023
484.214,38.83,9.831390698757724
484.522,38.83,9.837580988612796
484.827,38.83,9.843710983436813
485.134,38.83,9.8498811749482
485.437,38.83,9.855970973084846
485.743,38.83,9.862121066252547
486.046,38.83,9.868210864389193
486.352,38.83,9.874360957556894
486.66,38.83,9.880551247411967
486.963,38.83,9.886641045548613
487.119,38.82,9.889775579710104
487.423,38.83,9.895885476190434
487.464,38.82,9.896709296066211
487.671,38.83,9.900869653209067
487.771,38.82,9.902878969979254
488.08,38.83,9.909089358178012
488.39,38.83,9.915319844720454
488.439,38.82,9.916304409937846
488.655,38.82,9.920644534161447
488.961,38.83,9.92679462732915
488.99,38.82,9.927377329192504
489.298,38.83,9.933567619047576
489.377,38.82,9.935154979296023
489.68,38.83,9.941244777432669
489.74,38.82,9.94245036749478
490.041,38.82,9.948498410973041
490.291,38.82,9.953521702898508
490.45,38.82,9.956716516563104
490.712,38.82,9.961980926500992
491.014,38.82,9.968049063146955
491.321,38.83,9.974219254658342
491.545,38.83,9.97872128364385
491.854,38.82,9.984930072463724
492.115,38.83,9.990175740165588
492.399,38.83,9.995883669772214
492.705,38.82,10.002032179088983
492.97,38.83,10.007358240165589
493.274,38.82,10.013466563146954
493.363,38.83,10.015255315734946
493.668,38.82,10.021383731884015
493.775,38.83,10.023534254658342
494.076,38.82,10.029582298136605
494.254,38.83,10.033159803312587
494.54,38.83,10.038907929606584
494.841,38.82,10.044955973084845
495.145,38.82,10.05106429606621
495.447,38.82,10.057132432712173
495.573,38.81,10.059663519668694
495.88,38.82,10.065832122153166
496.115,38.81,10.070552800206997
496.286,38.81,10.073987846790848
496.557,38.81,10.079431692546542
496.861,38.81,10.085538442028943
497.169,38.82,10.091727137681117
497.237,38.81,10.09309312111797
497.421,38.81,10.09678931159416
497.723,38.81,10.102855885093124
497.963,38.81,10.107677003105547
498.269,38.82,10.113825512422316
498.455,38.81,10.117561878881943
498.759,38.81,10.123668628364346
498.799,38.82,10.12447235507242
499.108,38.82,10.130681143892296
499.157,38.81,10.131665455486498
499.461,38.82,10.137773778467865
499.57,38.81,10.139963369565173
499.803,38.82,10.144645077639707
500.11,38.81,10.150812091097263
500.177,38.82,10.152158333333288
500.413,38.82,10.156900320910928
500.531,38.82,10.159271314699748
500.837,38.81,10.165418240165586
501.138,38.81,10.171464725672832
501.167,38.82,10.172047427536187
501.42,38.82,10.17713099896476
501.717,38.82,10.183098669772212
501.893,38.82,10.18663506728774
502.019,38.81,10.189166154244264
502.198,38.82,10.192762831262897
502.503,38.81,10.198889668737017
502.79,38.82,10.204656407867454
502.899,38.82,10.206846563146955
503.204,38.81,10.212973400621076
503.403,38.82,10.216971940993746
503.713,38.81,10.223199218426458
504.013,38.81,10.229225615941985
504.112,38.82,10.23121483954447
504.418,38.81,10.23736176501031
504.725,38.81,10.243528778467866
504.91,38.82,10.24724601449271
505.212,38.81,10.253312587991674
505.515,38.81,10.259399249482357
505.82,38.81,10.265526086956477
505.951,38.8,10.26815693581776
506.257,38.81,10.274303861283599
506.306,38.8,10.275287919254612
506.578,38.8,10.28075044513453
506.883,38.81,10.28687728260865
507.185,38.81,10.292943856107614
507.488,38.81,10.299030517598297
507.794,38.81,10.305177443064135
508.018,38.8,10.309675993788773
508.156,38.8,10.312447422360203
508.284,38.8,10.31501802277428
508.59,38.8,10.321163364389188
508.896,38.81,10.327310289855028
509.102,38.8,10.331447349896434
509.34,38.8,10.336227060041361
509.649,38.81,10.342434249482356
509.688,38.8,10.34321747929602
509.99,38.81,10.349284052794985
510.226,38.8,10.354023597308442
510.534,38.81,10.360210698757717
510.583,38.8,10.361194756728732
510.791,38.8,10.36537198240161
511.097,38.81,10.371518907867449
511.186,38.8,10.373306278467863
511.345,38.8,10.376499446169728
511.532,38.8,10.38025493271217
511.659,38.8,10.382805450310514
511.807,38.8,10.385777707039292
512.035,38.8,10.390356589026869
512.345,38.81,10.396583866459583
512.652,38.81,10.40275087991714
512.721,38.8,10.404136594202853
513.025,38.8,10.410241770186289
513.055,38.81,10.410844409937841
513.359,38.81,10.416951159420245
513.627,38.81,10.422334741200782
513.933,38.8,10.428480082815689
513.943,38.81,10.428680962732873
514.248,38.8,10.434806221532046
514.385,38.81,10.43755827639747
514.692,38.8,10.443723700828112
514.792,38.81,10.445732499999956
515.099,38.8,10.451897924430599
515.117,38.81,10.452259508281529
515.425,38.8,10.458445015527905
515.734,38.8,10.46465060559002
516.041,38.8,10.470816030020663
516.347,38.8,10.476961371635568
516.544,38.81,10.480918706004099
516.853,38.8,10.48712429606621
517.161,38.8,10.493309803312586
517.468,38.8,10.499475227743229
517.775,38.8,10.505640652173872
517.932,38.81,10.508794466873665
518.233,38.8,10.514839394409895
518.537,38.8,10.520944570393334
518.837,38.8,10.52696941511383
519.144,38.8,10.533134839544473
519.45,38.8,10.53928018115938
519.761,38.8,10.545525936852961
520.066,38.8,10.551651195652134
520.376,38.8,10.55787686852998
520.681,38.8,10.564002127329154
520.986,38.8,10.570127386128325
521.293,38.8,10.576292810558968
521.363,38.79,10.577698245341578
521.669,38.8,10.583843586956483
521.974,38.8,10.589968845755656
522.281,38.8,10.596134270186296
522.583,38.8,10.602199280538263
522.889,38.8,10.60834462215317
523.196,38.8,10.614510046583813
523.5,38.8,10.620615222567249
523.808,38.8,10.626800729813626
524.115,38.8,10.632966154244269
524.421,38.8,10.639111495859176
524.726,38.8,10.645236754658347
525.038,38.79,10.651500978260831
525.345,38.8,10.657666402691474
525.484,38.79,10.66045719461694
525.79,38.8,10.666602536231846
525.799,38.79,10.66678323498961
526.035,38.79,10.671521557970976
526.329,38.79,10.677424384057932
526.616,38.79,10.683186666666629
526.763,38.79,10.686138079710108
527.047,38.79,10.69184012939955
527.357,38.8,10.698065802277396
527.657,38.8,10.704090646997894
527.966,38.8,10.710296237060005
528.024,38.79,10.711460740165595
528.334,38.8,10.717686413043442
528.599,38.79,10.723006987577605
528.906,38.8,10.729172412008245
528.984,38.79,10.730738467908868
529.201,38.79,10.735095315734954
529.484,38.79,10.740777287784644
529.713,38.79,10.745375067287748
529.889,38.79,10.748908731884022
530.199,38.79,10.755132800207003
530.249,38.8,10.756136940993754
530.44,38.8,10.759972758799137
530.648,38.79,10.76414890786746
530.957,38.79,10.770352898550689
531.264,38.79,10.776516733954416
531.539,38.8,10.782039508281539
531.748,38.8,10.786236816770153
532.054,38.79,10.792380574534127
532.262,38.8,10.796557800207005
532.574,38.79,10.802822023809489
532.585,38.8,10.803042934782574
532.896,38.79,10.809287080745305
533.201,38.79,10.81541076086953
533.508,38.79,10.821574596273257
533.577,38.8,10.82296031055897
533.696,38.8,10.825350165631434
534.004,38.79,10.831534078674911
534.308,38.79,10.837637681159382
534.611,38.79,10.843721206004103
534.914,38.79,10.849804730848824
535.218,38.79,10.855908333333295
535.527,38.79,10.862112324016525
535.828,38.79,10.868155693581741
536.13,38.79,10.87421914078671
536.296,38.78,10.877551169772218
536.444,38.78,10.880521894409897
536.563,38.78,10.882910517598303
536.866,38.79,10.888994042443024
537.053,38.78,10.89274759316766
537.367,38.78,10.89905034679085
537.671,38.79,10.905153949275324
537.691,38.78,10.905555398550685
537.931,38.78,10.910372789855034
538.241,38.78,10.916595253623148
538.36,38.79,10.918984492753584
538.667,38.79,10.925148328157311
538.945,38.79,10.930729912008243
539.254,38.78,10.93693230331259
539.562,38.79,10.943116216356067
539.788,38.78,10.94765259316766
540.092,38.78,10.953754622153168
540.4,38.79,10.959938535196645
540.43,38.78,10.960540709109688
540.737,38.78,10.9667029554865
540.926,38.79,10.970497629399546
541.134,38.79,10.974673778467869
541.285,38.78,10.977704720496854
541.453,38.79,10.981077763975115
541.757,38.78,10.987179792960623
542.034,38.79,10.992741299171804
542.344,38.78,10.99896376293992
542.403,38.79,11.000148343685261
542.639,38.79,11.004886666666627
542.947,38.78,11.011068985507206
543.252,38.78,11.017191086956482
543.562,38.78,11.023413550724598
543.869,38.78,11.02957579710141
544.175,38.78,11.035717971014453
544.236,38.79,11.036942707039298
544.543,38.78,11.04310495341611
544.851,38.78,11.04928727225669
545.159,38.78,11.05546959109727
545.469,38.78,11.061692054865386
545.78,38.78,11.067934591097268
546.083,38.78,11.074016547619006
546.391,38.78,11.080198866459586
546.703,38.78,11.086461475155238
547.014,38.78,11.092704011387122
547.321,38.78,11.098866257763934
547.631,38.78,11.105088721532049
547.932,38.78,11.111130533126252
548.244,38.78,11.117393141821903
548.549,38.78,11.123515243271179
548.856,38.78,11.12967748964799
549.16,38.78,11.135779518633498
549.46,38.78,11.141801257763934
549.764,38.78,11.147903286749441
550.066,38.78,11.153965170807412
550.374,38.78,11.160147489647992
550.676,38.78,11.166209373705962
550.983,38.78,11.172371620082773
551.288,38.78,11.17849372153205
551.298,38.77,11.178694394409897
551.599,38.78,11.1847362060041
551.765,38.77,11.188067375776356
551.904,38.77,11.190856728778426
552.055,38.77,11.193886889233912
552.359,38.78,11.199988918219422
552.61,38.77,11.205025807453376
552.86,38.77,11.210042629399545
553.163,38.78,11.216124585921284
553.432,38.78,11.221524078674907
553.74,38.77,11.227704803312587
553.896,38.77,11.230835300206996
554.103,38.77,11.234989228778424
554.27,38.77,11.238340465838466
554.573,38.78,11.244422422360204
554.884,38.77,11.25066334886124
555.191,38.77,11.256824006211136
555.438,38.77,11.261780626293952
555.694,38.77,11.266917851966829
555.844,38.77,11.269927945134533
556.153,38.77,11.276128737059999
556.455,38.77,11.282189057970973
556.728,38.78,11.287668840579666
557.032,38.77,11.29376929606621
557.339,38.77,11.299929953416108
557.368,38.78,11.300512054865383
557.541,38.76,11.303982800206997
557.7,38.78,11.307174321946126
557.92,38.78,11.311590263975111
558.226,38.77,11.317730854037224
558.534,38.77,11.323911578674904
558.544,38.78,11.324112303312585
558.849,38.77,11.330232826086913
558.947,38.76,11.332198913043435
559.254,38.77,11.338359570393331
559.556,38.77,11.344419891304305
559.865,38.77,11.35062068322977
560.175,38.77,11.35684154244302
560.323,38.76,11.359810734989605
560.594,38.76,11.365247567287742
560.902,38.77,11.371428291925422
561.101,38.76,11.375420652173869
561.409,38.77,11.381601376811549
561.459,38.76,11.38260448240161
561.599,38.76,11.385413178053787
561.766,38.76,11.388763550724592
562.069,38.76,11.394842370600369
562.377,38.77,11.401023095238049
562.506,38.76,11.40361110766041
562.812,38.77,11.409751697722523
563.116,38.76,11.415850579710101
563.315,38.77,11.419843969979254
563.576,38.77,11.425081532091054
563.88,38.76,11.431180414078632
564.126,38.76,11.436115693581737
564.364,38.77,11.440891708074492
564.667,38.76,11.446970527950269
564.972,38.77,11.453091050724595
564.992,38.76,11.45349229296062
565.299,38.76,11.459651361283601
565.397,38.77,11.461617955486501
565.704,38.76,11.46777702380948
566.015,38.77,11.474017950310516
566.326,38.77,11.480258876811552
566.63,38.76,11.48635775879913
566.717,38.77,11.488103612836397
567.019,38.76,11.494162370600373
567.127,38.77,11.496329637681118
567.432,38.76,11.502448581780499
567.441,38.77,11.50262918737056
567.749,38.76,11.508808317805343
568.055,38.76,11.514947324016521
568.362,38.76,11.521106392339503
568.668,38.76,11.527245398550683
568.777,38.77,11.529432732919213
569.081,38.76,11.535531614906791
569.39,38.76,11.541730807453375
569.694,38.76,11.547829689440952
569.997,38.76,11.553908509316729
570.304,38.76,11.56006757763971
570.612,38.76,11.566246708074493
570.917,38.76,11.572365652173874
571.228,38.76,11.578604968944058
571.536,38.76,11.58478409937884
571.844,38.76,11.590963229813624
572.155,38.76,11.597202546583809
572.46,38.76,11.60332149068319
572.767,38.76,11.60948055900617
573.076,38.76,11.615679751552754
573.381,38.76,11.621798695652132
573.688,38.76,11.627957763975113
573.999,38.76,11.6341970807453
574.307,38.76,11.640376211180083
574.613,38.76,11.646515217391263
574.759,38.75,11.649443530020662
575.061,38.76,11.655502287784637
575.291,38.75,11.660115383022733
575.461,38.75,11.66352506211176
575.771,38.75,11.669742712215278
576.08,38.76,11.675941904761864
576.161,38.75,11.677566516563104
576.462,38.76,11.683605212215278
576.609,38.75,11.686553581780496
576.886,38.75,11.692109353002026
577.058,38.75,11.695559145962688
577.226,38.75,11.69892871118008
577.437,38.75,11.703160724637637
577.744,38.75,11.709318203933703
577.843,38.76,11.711304353002024
577.972,38.76,11.713892365424385
578.283,38.76,11.720131682194573
578.393,38.75,11.722337945134532
578.62,38.75,11.726890869565173
578.931,38.75,11.73312857660451
579.237,38.76,11.739267582815689
579.539,38.75,11.745324777432666
579.695,38.76,11.74845446687366
579.853,38.76,11.751624280538255
579.98,38.75,11.754171511387119
580.286,38.75,11.760308933747366
580.564,38.76,11.765886200828112
580.756,38.76,11.76973812629395
581.063,38.75,11.775895605590016
581.252,38.76,11.77968734472045
581.474,38.76,11.784141133540327
581.779,38.75,11.790258498964757
582.084,38.75,11.796375864389187
582.387,38.75,11.802453115941983
582.694,38.75,11.808610595238049
582.784,38.74,11.810415253623143
582.959,38.76,11.81392612318836
583.263,38.75,11.820023431676974
583.334,38.74,11.821447106625213
583.645,38.75,11.82768481366455
583.956,38.75,11.833922520703888
584.005,38.74,11.834905056935773
584.31,38.75,11.841022422360203
584.368,38.74,11.842185424430598
584.661,38.74,11.848060590062065
584.965,38.74,11.854156325051715
585.189,38.75,11.858649078674903
585.466,38.75,11.864204849896435
585.768,38.74,11.870260481366415
585.817,38.75,11.871243271221488
586.122,38.74,11.877359057970969
586.259,38.75,11.88010685817801
586.496,38.75,11.884860351966829
586.704,38.75,11.88903219461693
587.009,38.74,11.895147981366415
587.311,38.74,11.901203612836396
587.45,38.75,11.903991526915071
587.756,38.74,11.910127365424387
588.056,38.75,11.91614444616973
588.329,38.75,11.921619989647988
588.449,38.75,11.924026821946125
588.747,38.74,11.930002246376766
588.854,38.75,11.932148338509274
589.003,38.73,11.935135279503063
589.312,38.74,11.941331273291883
589.614,38.74,11.947386904761863
589.921,38.74,11.953542795031016
590.038,38.73,11.955888245341574
590.341,38.73,11.961962360248407
590.498,38.73,11.965109673913004
590.802,38.74,11.971205408902652
591.025,38.73,11.975675797101408
591.332,38.73,11.981830098343645
591.638,38.73,11.987964353002031
591.938,38.73,11.99397832815731
591.996,38.74,11.995141330227703
592.296,38.74,12.001156858178016
592.598,38.73,12.007210926500996
592.899,38.74,12.013246506211141
593.094,38.74,12.017156599378843
593.205,38.73,12.019381770186296
593.505,38.73,12.025395745341575
593.805,38.73,12.031409720496853
593.945,38.74,12.034216966873666
594.249,38.73,12.04031112836435
594.486,38.74,12.045063395445094
594.718,38.74,12.049715403726667
595.023,38.73,12.055829611801203
595.082,38.74,12.05701266563143
595.39,38.73,12.063187013457517
595.692,38.73,12.069241081780499
595.995,38.73,12.075315196687331
596.299,38.73,12.081409358178014
596.608,38.73,12.08760375258795
596.911,38.73,12.093677867494783
597.212,38.73,12.099711889233914
597.521,38.73,12.10590628364385
597.822,38.73,12.111940305382982
598.126,38.73,12.118034466873665
598.43,38.73,12.124128628364348
598.734,38.73,12.130222789855033
599.041,38.73,12.13637709109727
599.347,38.73,12.142511345755654
599.654,38.73,12.148665646997891
599.954,38.73,12.15467962215317
600.262,38.73,12.160853969979257
600.567,38.73,12.166968178053793
600.875,38.73,12.17314252587988
601.169,38.72,12.179034699792924
601.479,38.73,12.185249140786715
601.519,38.72,12.186050797101414
601.665,38.72,12.188976842650067
601.971,38.73,12.195111097308454
602.081,38.72,12.197315652173879
602.247,38.72,12.200642525879882
602.555,38.73,12.20681687370597
602.675,38.72,12.209221842650068
602.976,38.73,12.2152558643892
603.219,38.73,12.220127184264976
603.37,38.73,12.223154218426465
603.615,38.73,12.228065631469944
603.923,38.72,12.234238385093132
604.044,38.73,12.236664021739095
604.351,38.72,12.242816733954417
604.659,38.72,12.248989487577605
604.827,38.71,12.252355574534127
605.018,38.71,12.256182494823982
605.164,38.71,12.259107784679053
605.321,38.71,12.26225347308485
605.63,38.72,12.268446268115905
605.679,38.71,12.269428043478223
605.958,38.71,12.275018152173875
606.265,38.71,12.28116927536228
606.57,38.72,12.287281904761867
606.64,38.71,12.28868444099375
606.945,38.72,12.294797070393336
607.134,38.71,12.298583918219423
607.279,38.71,12.301489171842611
607.583,38.71,12.307580186335365
607.682,38.72,12.309564285714247
607.972,38.72,12.31537629399582
608.093,38.72,12.317801304347787
608.337,38.72,12.322691407867456
608.494,38.72,12.325837908902654
608.797,38.71,12.331908887163523
609.101,38.71,12.337999901656277
609.323,38.72,12.34244909420286
609.631,38.72,12.348621847826049
609.934,38.71,12.354692826086918
610.233,38.71,12.360683659420252
610.539,38.71,12.366814746376773
610.849,38.71,12.373025978260833
611.153,38.71,12.379116992753586
611.456,38.71,12.385187971014455
611.766,38.71,12.391399202898512
612.074,38.71,12.397570362318802
612.379,38.71,12.403681413043442
612.524,38.7,12.406585916149032
612.825,38.71,12.412616821946134
613.132,38.71,12.418767945134539
613.199,38.7,12.42011002587988
613.501,38.7,12.426159404761869
613.783,38.7,12.431808162525845
614.085,38.71,12.437859104554832
614.172,38.7,12.439601806418185
614.472,38.7,12.445611123188371
614.777,38.7,12.451720595238061
614.992,38.71,12.456028385093132
615.299,38.7,12.462177919254623
615.601,38.7,12.468227298136611
615.905,38.7,12.4743167391304
616.204,38.7,12.480306024844685
616.507,38.7,12.486375434782573
616.685,38.71,12.489941884057936
616.986,38.7,12.495971231884024
617.291,38.7,12.502080703933714
617.595,38.7,12.508170144927503
617.898,38.7,12.51423955486539
618.004,38.69,12.516362298136613
618.308,38.7,12.522451739130402
618.407,38.69,12.524434301242204
618.67,38.69,12.529701107660422
618.971,38.7,12.53573045548651
619.079,38.69,12.537893250517564
619.315,38.7,12.542620579710112
619.509,38.7,12.546506604554832
619.804,38.7,12.552415766045515
620.05,38.7,12.557343405797067
620.353,38.69,12.563411247411974
620.655,38.69,12.569459063146963
620.953,38.69,12.575426775362285
621.177,38.7,12.579913731884025
621.476,38.69,12.585901469979262
621.781,38.69,12.592009363354002
622.087,38.69,12.598137282608661
622.391,38.69,12.604225150103485
622.692,38.69,12.610252939958558
622.997,38.69,12.616360833333298
623.304,38.69,12.622508778467873
623.606,38.69,12.628556594202863
623.91,38.69,12.634644461697686
623.93,38.68,12.63504487577636
624.186,38.68,12.640170175983402
624.489,38.68,12.646236449275326
624.646,38.69,12.649380512422322
624.95,38.68,12.655466806418183
625.155,38.69,12.659572111801204
625.323,38.69,12.662936459627291
625.629,38.68,12.669062795031019
625.845,38.67,12.673386149068286
625.989,38.67,12.676268385093131
626.224,38.67,12.680972034161455
626.459,38.67,12.685675683229775
626.762,38.68,12.6917419565217
626.967,38.67,12.695845139751514
627.27,38.68,12.701911413043439
627.428,38.68,12.705074684264972
627.722,38.68,12.710960771221494
628.023,38.67,12.716985445134538
628.329,38.67,12.723110196687331
628.592,38.68,12.728375641821907
628.895,38.67,12.734440346790851
629.206,38.67,12.740665175983398
629.508,38.67,12.746709865424393
629.81,38.67,12.752754554865385
630.116,38.67,12.758879306418182
630.421,38.67,12.764984042443027
630.721,38.66,12.770987148033088
630.868,38.66,12.77392866977222
631.173,38.66,12.780031827122116
631.477,38.67,12.78611654761901
631.783,38.66,12.792239715320873
631.973,38.67,12.79604266563143
632.129,38.67,12.79916508799168
632.433,38.66,12.805248234989609
632.738,38.66,12.811351392339507
633.033,38.65,12.81725291925462
633.209,38.65,12.820773830227704
633.379,38.65,12.82417471014489
633.687,38.66,12.830337898550686
633.987,38.65,12.836339451345717
634.175,38.66,12.84010139751549
634.48,38.65,12.846202976190439
634.489,38.66,12.84638306935814
634.797,38.65,12.852544663561039
635.058,38.66,12.857767365424392
635.363,38.65,12.863868944099341
635.668,38.65,12.869970522774288
635.97,38.65,12.876012085921287
636.04,38.64,12.877412085921286
636.331,38.64,12.883232085921287
636.639,38.64,12.889392085921287
636.741,38.65,12.891432613871597
637.048,38.64,12.897572613871597
637.352,38.64,12.903652613871596
637.411,38.65,12.904832919254618
637.716,38.64,12.91093291925462
638.023,38.64,12.91707291925462
638.332,38.64,12.923252919254619
638.637,38.64,12.929352919254617
638.943,38.64,12.935472919254618
639.249,38.64,12.941592919254619
639.555,38.64,12.947712919254618
639.812,38.63,12.952851589026876
640.065,38.63,12.957910279503068
640.371,38.63,12.964028695652134
640.669,38.63,12.96998715320907
640.855,38.64,12.973707153209071
640.992,38.64,12.97644715320907
641.141,38.62,12.979425610766006
641.448,38.62,12.985562432712175
641.665,38.62,12.989900186335364
641.811,38.62,12.992818674948202
642.113,38.63,12.998857111801204
642.419,38.62,13.004973944099339
642.723,38.62,13.011050797101408
643.026,38.62,13.017107660455444
643.328,38.62,13.02314453416145
643.63,38.62,13.029181407867455
643.933,38.62,13.035238271221491
644.236,38.62,13.041295134575527
644.274,38.61,13.042054544513416
644.579,38.62,13.048151387163518
644.703,38.61,13.05062946169768
644.962,38.62,13.05580678053826
645.27,38.61,13.061961997929565
645.574,38.61,13.06803727743267
645.828,38.6,13.073112018633498
646.032,38.6,13.077187795031016
646.316,38.61,13.082863385093127
646.479,38.6,13.086120010351927
646.78,38.6,13.092133778467867
647.083,38.6,13.098187505175941
647.385,38.6,13.10422125258795
647.685,38.6,13.110215041407825
647.987,38.6,13.116248788819833
648.247,38.59,13.121442060041366
648.546,38.6,13.127415869565176
648.73,38.59,13.131091107660414
649.03,38.59,13.137083343685257
649.337,38.59,13.143215398550682
649.57,38.58,13.147868162525839
649.877,38.58,13.153998628364347
650.073,38.58,13.157912541407825
650.375,38.58,13.163943162525838
650.463,38.59,13.165700885093125
650.771,38.58,13.171851319875733
651.076,38.58,13.177941847826045
651.378,38.58,13.183972468944058
651.683,38.58,13.190062996894367
651.987,38.58,13.196133555900579
652.219,38.57,13.200765150103479
652.52,38.58,13.20677580227739
652.539,38.57,13.207155113871593
652.844,38.57,13.213244063146957
653.146,38.57,13.21927312111797
653.223,38.58,13.220810729813623
653.523,38.57,13.226799860248407
653.561,38.56,13.227558286749442
653.864,38.57,13.233607308488573
653.885,38.56,13.234026438923355
654.052,38.56,13.237359523809484
654.352,38.56,13.243347101449235
654.584,38.56,13.247977494823976
654.887,38.56,13.254024948240126
655.187,38.56,13.260012525879878
655.489,38.56,13.266040020703896
655.788,38.56,13.272007639751514
655.799,38.55,13.272227127329153
656.003,38.55,13.276297624223563
656.258,38.56,13.281387065217352
656.403,38.56,13.284281061076564
656.704,38.55,13.290287039337432
657.008,38.55,13.29635287784675
657.315,38.55,13.302478576604514
657.613,38.55,13.308424694616937
657.702,38.54,13.310200087991676
658.003,38.55,13.316206066252546
658.158,38.54,13.319298043478218
658.345,38.55,13.323029332298095
658.648,38.54,13.329073649068281
658.658,38.55,13.329273183229772
658.961,38.54,13.335317499999958
659.266,38.54,13.341401713250475
659.475,38.53,13.345569813664556
659.781,38.54,13.351673975155236
660.081,38.54,13.357658447204928
660.231,38.54,13.360650683229773
660.538,38.53,13.366773203933707
660.846,38.53,13.372915667701823
661.151,38.53,13.378998302277392
661.331,38.52,13.38258712215317
661.595,38.52,13.387850724637643
661.743,38.53,13.390802298136608
662.044,38.52,13.396803602484432
662.065,38.53,13.39722240683226
662.266,38.53,13.401230962732878
662.444,38.53,13.404780828157309
662.754,38.52,13.410961573498925
663.061,38.52,13.417082505175944
663.192,38.51,13.419693690476151
663.498,38.51,13.42579310041404
663.803,38.51,13.431872577639712
664.108,38.51,13.437952054865384
664.418,38.51,13.444131195652135
664.723,38.51,13.450210672877807
664.941,38.5,13.45455487577636
665.156,38.5,13.458839296066213
665.278,38.5,13.461270455486504
665.487,38.51,13.465436392339505
665.68,38.51,13.469283405797063
665.986,38.5,13.47538123188402
666.024,38.49,13.476138281573462
666.326,38.5,13.482156397515492
666.344,38.49,13.482514999999966
666.54,38.49,13.48641978260866
666.843,38.49,13.492456257763939
666.862,38.5,13.492834880952344
667.04,38.49,13.496381061076567
667.139,38.5,13.498353887163525
667.44,38.49,13.504350517598308
667.739,38.49,13.510307303312594
668.041,38.49,13.516323856107626
668.339,38.49,13.522260719461663
668.553,38.48,13.526522996894373
668.859,38.48,13.532617655279466
668.975,38.49,13.534928649068286
669.274,38.48,13.540883887163524
669.574,38.48,13.546859042443026
669.611,38.47,13.547595786749445
669.795,38.47,13.551259596273255
670.021,38.47,13.55575971014489
670.326,38.47,13.561832872670772
670.53,38.48,13.565895978260833
670.835,38.47,13.571969140786715
671.137,38.47,13.577982567287748
671.246,38.46,13.580152412008246
671.55,38.47,13.586205662525844
671.833,38.47,13.591840760869529
672.136,38.46,13.597872531055865
672.438,38.46,13.603884394409903
672.736,38.46,13.609816630434748
672.951,38.45,13.614095486542409
673.252,38.45,13.620085885093133
673.418,38.46,13.623390419254624
673.723,38.45,13.629460424430606
674.022,38.45,13.635411019668704
674.032,38.44,13.635609984472016
674.335,38.44,13.641638618012388
674.537,38.44,13.645657707039303
674.684,38.45,13.648583250517563
674.987,38.44,13.654611884057935
675.293,38.44,13.660700207039303
675.596,38.44,13.666728840579676
675.616,38.43,13.667126666666633
675.791,38.43,13.670607644927504
676.036,38.43,13.67548101449272
676.34,38.43,13.68152797101446
676.566,38.42,13.686022236024813
676.852,38.42,13.691709668737028
677.113,38.43,13.696901299171811
677.416,38.42,13.70292679606622
677.728,38.42,13.709131268115907
678.036,38.42,13.71525619565214
678.299,38.41,13.72048488612833
678.457,38.41,13.723626076604521
678.667,38.41,13.727801076604521
678.892,38.41,13.732274290890237
679.099,38.42,13.736390719461665
679.372,38.4,13.741816806418186
679.655,38.4,13.747441651138683
679.961,38.41,13.753525222567255
679.981,38.4,13.753922738095206
680.289,38.4,13.760044477225641
680.594,38.4,13.766106589026885
680.898,38.4,13.77214882505173
681.202,38.39,13.77818948757761
681.507,38.39,13.784250020703903
681.808,38.39,13.790231071428542
682.114,38.39,13.796311475155251
682.243,38.38,13.798874114906804
682.544,38.38,13.804853607660425
682.574,38.39,13.805449725672846
682.843,38.39,13.810794917184232
682.981,38.39,13.813537060041376
683.197,38.37,13.817826873705974
683.331,38.37,13.8204881469979
683.636,38.37,13.826545522774296
683.937,38.37,13.832523457556906
683.975,38.38,13.83327834368527
684.278,38.37,13.839295998964774
684.581,38.37,13.845313654244277
684.882,38.36,13.85129003105587
685.185,38.36,13.85730611801239
685.487,38.36,13.863302349896449
685.768,38.35,13.868880170807422
685.945,38.35,13.872393602484442
686.132,38.36,13.876106501035164
686.432,38.35,13.882061469979265
686.734,38.35,13.888056138716324
687.035,38.35,13.894030957556902
687.19,38.34,13.897106889233923
687.349,38.34,13.900262199792929
687.65,38.34,13.906235460662492
687.954,38.34,13.912268255693547
688.227,38.33,13.917684451345721
688.353,38.33,13.920184233954416
688.656,38.33,13.926195615941994
688.812,38.34,13.929291392339511
689.115,38.33,13.93530277432709
689.423,38.33,13.941413354037234
689.729,38.32,13.947482670807421
690.034,38.33,13.953533731884024
690.337,38.32,13.95954354554862
690.571,38.31,13.96418357660452
690.739,38.32,13.967515750517565
691.04,38.31,13.973484337474085
691.344,38.31,13.979512412008248
691.421,38.3,13.98103886128361
691.729,38.3,13.98714465838506
692.032,38.3,13.993151335403693
692.331,38.3,13.999078716356074
692.637,38.3,14.005144865424395
692.777,38.29,14.007919503105557
692.964,38.29,14.011625626293963
693.11,38.3,14.014519932712181
693.42,38.29,14.02066377329189
693.675,38.28,14.02571625776394
693.793,38.28,14.028054270186301
694.099,38.28,14.034117251552761
694.403,38.28,14.040140605590027
694.706,38.28,14.046144145962698
694.911,38.27,14.050204886128327
695.222,38.27,14.05636532608692
695.525,38.27,14.06236729813661
695.664,38.26,14.065119958592097
695.949,38.26,14.070763902691475
696.257,38.26,14.07686332298133
696.563,38.26,14.082923136645928
696.771,38.25,14.087041149068288
697.077,38.25,14.093099378881954
697.378,38.25,14.09905861801239
697.554,38.24,14.102542179088992
697.86,38.24,14.108598825051725
698.169,38.24,14.114714849896446
698.472,38.24,14.120712116977192
698.703,38.23,14.12528309523806
699.011,38.23,14.13137773291922
699.317,38.23,14.137432795031021
699.417,38.22,14.139411055900586
699.722,38.22,14.145444751552759
699.732,38.23,14.14564262939955
699.946,38.21,14.149874999999964
700.142,38.21,14.15375137681156
700.442,38.21,14.159684606625223
700.53,38.22,14.16142547619044
700.839,38.21,14.167536702898516
701.141,38.21,14.173509487577604
701.228,38.2,14.175229673913007
701.403,38.21,14.178690724637645
701.71,38.2,14.184760807453381
701.897,38.19,14.18845725155276
702.045,38.19,14.19138277950307
702.349,38.19,14.197391972049655
702.653,38.19,14.203401164596238
702.878,38.18,14.207847593167667
703.182,38.18,14.213855212215286
703.489,38.18,14.219922116977191
703.712,38.17,14.224327867494788
704.017,38.17,14.23035366977222
704.321,38.17,14.236359715320875
704.623,38.17,14.242326247411972
704.743,38.16,14.244696433747375
704.98,38.16,14.249377551759796
705.185,38.17,14.25342768115938
705.472,38.15,14.259094891304308
705.778,38.16,14.265138866459589
705.838,38.15,14.266323649068283
706.145,38.15,14.272385786749442
706.452,38.15,14.278447924430601
706.541,38.14,14.280204891304308
706.849,38.14,14.28628518115938
707.154,38.14,14.292306247411966
707.302,38.13,14.295227179088986
707.567,38.13,14.300457225672837
707.775,38.14,14.304563395445093
708.077,38.13,14.3105236749482
708.176,38.12,14.312477028985468
708.48,38.12,14.318475207039297
708.789,38.12,14.324572039337433
709.095,38.11,14.330608095238055
709.397,38.12,14.336566811594164
709.702,38.11,14.342583141821907
710.005,38.11,14.348560020703895
710.053,38.1,14.349506604554826
710.353,38.1,14.355422753623147
710.654,38.1,14.361358623188366
710.954,38.1,14.367274772256687
711.03,38.09,14.368773136645922
711.338,38.09,14.374845455486502
711.635,38.08,14.380699368529982
711.812,38.08,14.384188064182156
712.116,38.08,14.390179948240126
712.419,38.08,14.39615212215317
712.724,38.08,14.40216371635607
712.842,38.07,14.404488902691472
712.978,38.07,14.40716877846787
713.284,38.07,14.413198498964766
713.585,38.07,14.41912969461694
713.624,38.06,14.419897986542406
713.925,38.06,14.425827624223563
714.225,38.06,14.431737562111763
714.529,38.06,14.437726299171805
714.647,38.05,14.440050263975118
714.951,38.05,14.446037427536195
715.257,38.05,14.452063980331225
715.394,38.04,14.454761433747375
715.59,38.04,14.458620564182159
715.892,38.04,14.464566775362282
716.1,38.03,14.468661102484434
716.307,38.04,14.472736816770148
716.61,38.03,14.478701149068284
716.846,38.02,14.483345414078636
717.069,38.03,14.487735005175944
717.376,38.02,14.493776485507206
717.602,38.01,14.498222789855033
717.73,38.01,14.5007410507246
718.03,38.01,14.506643224637642
718.337,38.01,14.512683115941991
718.565,38,14.517167587991683
718.826,38,14.522301128364353
719.134,38,14.528359099378845
719.438,38,14.534338395445097
719.534,37.99,14.536226097308452
719.838,37.99,14.54220381987574
720.139,37.99,14.548122551759798
720.179,37.98,14.548908887163524
720.481,37.98,14.55484571946166
720.786,37.98,14.560841526915075
720.824,37.97,14.561588348861244
720.992,37.97,14.56489008799168
721.296,37.97,14.57086466356104
721.316,37.98,14.571257831262903
721.503,37.96,14.57493201345752
721.72,37.97,14.579196759834332
722.02,37.96,14.58509116977222
722.264,37.95,14.589884026915078
722.47,37.95,14.593930455486507
722.657,37.96,14.597604637681124
722.963,37.95,14.603615351966837
723.021,37.94,14.604754337474084
723.326,37.94,14.610743830227708
723.433,37.95,14.612845615941993
723.739,37.94,14.618854746376776
724.043,37.94,14.62482460144924
724.102,37.93,14.625982919254621
724.408,37.94,14.631992049689405
724.617,37.92,14.636094161490647
724.745,37.92,14.638606459627294
724.86,37.92,14.640863602484437
725.099,37.93,14.645555771221497
725.402,37.92,14.651502851966839
725.706,37.92,14.657469560041372
725.931,37.91,14.661884544513422
726.235,37.91,14.66784967908899
726.286,37.9,14.668850144927498
726.415,37.9,14.67138073498961
726.583,37.9,14.674676387163522
726.885,37.9,14.680600714285676
727.184,37.9,14.686466190476152
727.36,37.89,14.689917867494787
727.589,37.89,14.694408969979259
727.895,37.89,14.700410181159382
728.12,37.88,14.704821671842613
728.337,37.88,14.709076309523772
728.465,37.88,14.711585957556899
728.772,37.88,14.717605191511351
729.068,37.87,14.723407220496858
729.194,37.87,14.725877003105554
729.496,37.87,14.731796640786714
729.802,37.87,14.737794684264975
730.011,37.86,14.741890305382986
730.227,37.86,14.746123100414042
730.387,37.86,14.74925850414075
730.691,37.86,14.755215771221497
730.995,37.86,14.761173038302243
731.112,37.85,14.763465196687335
731.415,37.85,14.769401299171808
731.521,37.86,14.771478504140752
731.685,37.86,14.774692292960628
731.989,37.85,14.78064798654241
732.294,37.85,14.786623271221499
732.518,37.84,14.79101051759831
732.828,37.84,14.797082153209075
732.958,37.85,14.799628995859178
733.262,37.84,14.805583115941994
733.497,37.83,14.810184591097274
733.669,37.83,14.813552479296032
733.942,37.84,14.818899435817771
734.248,37.83,14.824891143892307
734.551,37.83,14.830824109730816
734.853,37.83,14.836737494823982
735.151,37.83,14.842572556935783
735.368,37.82,14.84682045548651
735.673,37.82,14.852791004140753
735.713,37.83,14.853574233954417
736.019,37.82,14.85956435817802
736.184,37.81,14.862793473084851
736.489,37.82,14.868764021739096
736.508,37.81,14.869135859213216
736.637,37.81,14.871660439958555
736.942,37.82,14.8776309886128
737.246,37.81,14.883580388198721
737.551,37.81,14.88954935817802
737.857,37.81,14.895537898550689
738.162,37.81,14.901506868529987
738.467,37.81,14.907475838509281
738.536,37.8,14.90882583850928
738.775,37.8,14.913501925465802
739.081,37.8,14.919488881987542
739.383,37.8,14.925397577639716
739.687,37.8,14.931345403726672
739.854,37.79,14.934611930641786
740.165,37.8,14.94069671325048
740.184,37.79,14.94106835403723
740.439,37.8,14.946057484472012
740.629,37.8,14.949774875776361
740.93,37.79,14.955662448240128
740.95,37.8,14.956053752587955
741.256,37.79,14.96203912525876
741.41,37.78,14.965050574534123
741.718,37.79,14.971075067287746
741.766,37.78,14.972013700828118
742.074,37.79,14.97803819358174
742.103,37.78,14.978605284679048
742.408,37.78,14.984569518633501
742.715,37.78,14.990572862318801
743.014,37.78,14.996419767080706
743.32,37.78,15.002403555900582
743.626,37.78,15.008387344720456
743.921,37.78,15.014156030020665
744.225,37.78,15.020100709109691
744.4,37.77,15.023521904761864
744.64,37.77,15.028213830227703
744.855,37.77,15.032417013457517
745.023,37.78,15.035702230848822
745.316,37.78,15.04143180641818
745.614,37.77,15.047257613871595
745.878,37.78,15.052420098343646
746.185,37.77,15.058421853002029
746.392,37.76,15.062467567287745
746.451,37.91,15.063625274327082
746.462,37.92,15.0638411749482
746.482,37.94,15.064233928571388
